-0.021664807572960854,-0.9529345631599426,0.6500719785690308
-0.00405228091403842,-1.1635152101516724,0.629314124584198
-0.014981557615101337,-1.3054802417755127,0.6194010972976685
-0.02989826537668705,-1.4472674131393433,0.6177026629447937
-0.10208877921104431,-1.3737766742706299,0.6458643078804016
-0.17491622269153595,-1.3927414417266846,0.7627863883972168
-0.3317409157752991,-1.2186477184295654,0.6927043795585632
-0.11122424900531769,-1.1287418603897095,0.7857184410095215
-0.056878864765167236,-1.1120420694351196,0.866786539554596
0.0,0.0,0.0
0.0,0.0,0.0
-0.029371386393904686,-1.3800950050354004,0.5346783995628357
0.052605122327804565,-1.3781366348266602,0.42238283157348633
0.2578854262828827,-1.2646324634552002,0.4915994703769684
0.45715653896331787,-1.3412617444992065,0.6322451829910278
0.5317361950874329,-1.40073561668396,0.6587985754013062
0.0,0.0,0.0
0.0,0.0,0.0
-0.04587744176387787,-0.9046547412872314,0.7534111738204956
0.09190961718559265,-0.4966321885585785,0.750041127204895
0.06066553294658661,-0.06608220189809799,0.7611010074615479
0.20039449632167816,-0.0034589990973472595,0.7523940205574036
-0.010264324955642223,-0.877405047416687,0.5619726777076721
-0.10677160322666168,-0.4582350552082062,0.5834643840789795
-0.3668985962867737,-0.11578253656625748,0.6226061582565308
-0.2851358652114868,-0.009650981053709984,0.5479561686515808
-0.015398073941469193,-1.5117981433868408,0.6308531761169434
-0.010969501920044422,-1.5774730443954468,0.637481689453125
-0.010772583074867725,-0.9548147320747375,0.6541256904602051
0.004486828576773405,-1.1656675338745117,0.6341950297355652
-0.007783893030136824,-1.3074568510055542,0.6233786940574646
-0.023931361734867096,-1.4490854740142822,0.6202796697616577
-0.09630115330219269,-1.3751037120819092,0.6466376781463623
-0.17323920130729675,-1.3944493532180786,0.7608329653739929
-0.3253825604915619,-1.2172706127166748,0.6882091760635376
-0.10625836998224258,-1.126855731010437,0.7839796543121338
-0.05431073158979416,-1.1111888885498047,0.8668068051338196
0.0,0.0,0.0
0.0,0.0,0.0
-0.020174503326416016,-1.3814005851745605,0.5377564430236816
0.06476455181837082,-1.3794447183609009,0.42768460512161255
0.2751336693763733,-1.2717992067337036,0.4907039999961853
0.4776386618614197,-1.3320037126541138,0.6346810460090637
0.5472433567047119,-1.390799641609192,0.6734437942504883
0.0,0.0,0.0
0.0,0.0,0.0
-0.03814474865794182,-0.9057101011276245,0.7562810182571411
0.0957689955830574,-0.4963962733745575,0.7533884644508362
0.06062271445989609,-0.06607304513454437,0.7610356211662292
0.20036707818508148,-0.0034497533924877644,0.7525801658630371
0.005147363990545273,-0.8798607587814331,0.5662358403205872
-0.06659721583127975,-0.4555846154689789,0.5841673016548157
-0.3513931632041931,-0.1327936053276062,0.6183597445487976
-0.2858608067035675,-0.014117424376308918,0.5466439723968506
-0.010441839694976807,-1.5138299465179443,0.6334555149078369
-0.006823278963565826,-1.5795836448669434,0.6397882699966431
0.0008526077726855874,-0.9568453431129456,0.6579675674438477
0.013498757034540176,-1.1679565906524658,0.6388778686523438
-0.00023964761930983514,-1.3095357418060303,0.6271144151687622
-0.017765674740076065,-1.4509621858596802,0.6225988268852234
-0.0901760458946228,-1.3763673305511475,0.6470482349395752
-0.1711759716272354,-1.396080732345581,0.7583346366882324
-0.31965550780296326,-1.2172515392303467,0.682255208492279
-0.10288585722446442,-1.1281020641326904,0.7843607664108276
-0.053915925323963165,-1.1103852987289429,0.8685771226882935
0.0,0.0,0.0
0.0,0.0,0.0
-0.01060296967625618,-1.3828316926956177,0.5406697392463684
0.07743526250123978,-1.380979061126709,0.43305882811546326
0.2928716838359833,-1.2803484201431274,0.4902844727039337
0.500604510307312,-1.322882056236267,0.6331136226654053
0.5660109519958496,-1.3765391111373901,0.6845651268959045
0.0,0.0,0.0
0.0,0.0,0.0
-0.029611891135573387,-0.906676709651947,0.7587208151817322
0.10027772933244705,-0.4960620403289795,0.756916344165802
0.06071343645453453,-0.06606900691986084,0.7604523301124573
0.20048591494560242,-0.0034458099398761988,0.7524736523628235
0.021419409662485123,-0.8826980590820312,0.5703584551811218
-0.0260463859885931,-0.45492175221443176,0.5856370329856873
-0.3305119276046753,-0.14986319839954376,0.6123183369636536
-0.2853800654411316,-0.01942778006196022,0.5454499125480652
-0.005395437590777874,-1.5159248113632202,0.6357995867729187
-0.0026773703284561634,-1.5817499160766602,0.6418328881263733
0.012355486862361431,-0.9595500230789185,0.6614155173301697
0.022315604612231255,-1.1708797216415405,0.6431013345718384
0.007139850873500109,-1.3122315406799316,0.6304060220718384
-0.011728022247552872,-1.4534363746643066,0.6245604157447815
-0.0840914398431778,-1.3781932592391968,0.6470871567726135
-0.1689254492521286,-1.398242712020874,0.7554175853729248
-0.31305164098739624,-1.2173899412155151,0.6758309602737427
-0.09864501655101776,-1.1283130645751953,0.7828699350357056
-0.05088771879673004,-1.1148865222930908,0.8685630559921265
0.0,0.0,0.0
0.0,0.0,0.0
-0.0012223625089973211,-1.384968638420105,0.5432754755020142
0.08987312763929367,-1.3833767175674438,0.43823567032814026
0.3103824555873871,-1.2913570404052734,0.4904099404811859
0.5246295928955078,-1.3163959980010986,0.6276447772979736
0.5879056453704834,-1.3619333505630493,0.6886925101280212
0.0,0.0,0.0
0.0,0.0,0.0
-0.02095077745616436,-0.908174991607666,0.7606500387191772
0.1032629907131195,-0.4958038330078125,0.7606775164604187
0.06085372716188431,-0.06606827676296234,0.7598505020141602
0.20065724849700928,-0.0034451137762516737,0.7524357438087463
0.037424661219120026,-0.8863710761070251,0.5741655826568604
0.018137559294700623,-0.4563545882701874,0.5880525708198547
-0.30368444323539734,-0.16899366676807404,0.6061130166053772
-0.2776348888874054,-0.03075866587460041,0.545005202293396
-0.0004753924731630832,-1.5185948610305786,0.637795627117157
0.001351180486381054,-1.5844756364822388,0.6435534954071045
0.023372109979391098,-0.9622694849967957,0.66439288854599
0.030796749517321587,-1.1737632751464844,0.6467256546020508
0.014400461688637733,-1.3149031400680542,0.6332173347473145
-0.005529378540813923,-1.4559121131896973,0.6262668371200562
-0.07786791771650314,-1.3801064491271973,0.6469087600708008
-0.16616150736808777,-1.4004230499267578,0.752387523651123
-0.30673304200172424,-1.2181391716003418,0.6697656512260437
-0.09510453790426254,-1.1298707723617554,0.7828335165977478
-0.04884803667664528,-1.1163090467453003,0.869324803352356
0.0,0.0,0.0
0.0,0.0,0.0
0.008008901961147785,-1.387250304222107,0.5455964207649231
0.10197079181671143,-1.3861000537872314,0.44310683012008667
0.32720082998275757,-1.3034788370132446,0.49063897132873535
0.5488053560256958,-1.314103603363037,0.6176853775978088
0.6136041879653931,-1.3494248390197754,0.6836994886398315
0.0,0.0,0.0
0.0,0.0,0.0
-0.012399422936141491,-0.9097365140914917,0.7621521949768066
0.10677921772003174,-0.4958879351615906,0.7643422484397888
0.06094992160797119,-0.06652886420488358,0.759620189666748
0.2009713500738144,-0.0043303328566253185,0.7527634501457214
0.0525376982986927,-0.8900585174560547,0.5776108503341675
0.06260693073272705,-0.4597494900226593,0.5921640396118164
-0.27347612380981445,-0.18870088458061218,0.599425733089447
-0.25681886076927185,-0.04684784263372421,0.5435517430305481
0.004746499005705118,-1.521215558052063,0.6395818591117859
0.005818392615765333,-1.5871301889419556,0.6451382040977478
0.03358077257871628,-0.9636679887771606,0.6668431162834167
0.03893465921282768,-1.175272822380066,0.6496618986129761
0.0218138936907053,-1.316279411315918,0.6356683969497681
0.0014915227657184005,-1.4572004079818726,0.628101110458374
-0.07106072455644608,-1.3811026811599731,0.6468302011489868
-0.16232983767986298,-1.4016013145446777,0.749708890914917
-0.3004455864429474,-1.2191561460494995,0.6633846759796143
-0.09237788617610931,-1.1316803693771362,0.7834599018096924
-0.04761971905827522,-1.1208338737487793,0.8711148500442505
0.0,0.0,0.0
0.0,0.0,0.0
0.017484961077570915,-1.3885576725006104,0.5478649139404297
0.1140400841832161,-1.38798987865448,0.4478096067905426
0.34352144598960876,-1.3158239126205444,0.4919065535068512
0.5726451277732849,-1.3161875009536743,0.6053280234336853
0.6406537294387817,-1.3404467105865479,0.6730824112892151
0.0,0.0,0.0
0.0,0.0,0.0
-0.004207906778901815,-0.9103482365608215,0.7634102702140808
0.11393949389457703,-0.4962196350097656,0.7676188945770264
0.06115799397230148,-0.06770902127027512,0.7595773935317993
0.2013579159975052,-0.0058847409673035145,0.7529889345169067
0.0661439523100853,-0.892132043838501,0.5807129144668579
0.10367713868618011,-0.46345657110214233,0.5982524156570435
-0.2384444922208786,-0.2000395804643631,0.5922369956970215
-0.21698325872421265,-0.05411882326006889,0.5501870512962341
0.011132735759019852,-1.5225523710250854,0.6416501402854919
0.011779951862990856,-1.5884734392166138,0.6471949815750122
0.04281129315495491,-0.9659785628318787,0.6688907146453857
0.04631427302956581,-1.1776739358901978,0.6522191166877747
0.028766972944140434,-1.3185852766036987,0.6378019452095032
0.008465695194900036,-1.459479808807373,0.6297031044960022
-0.06442417949438095,-1.3833022117614746,0.6467176675796509
-0.1582362949848175,-1.4040026664733887,0.7472416162490845
-0.29362499713897705,-1.2213010787963867,0.6572184562683105
-0.08920107036828995,-1.1323022842407227,0.7823278307914734
-0.04599666967988014,-1.1216821670532227,0.8707865476608276
0.0,0.0,0.0
0.0,0.0,0.0
0.02645401656627655,-1.3908312320709229,0.5498955249786377
0.1253325194120407,-1.3908425569534302,0.4521339237689972
0.3579297661781311,-1.3282560110092163,0.4945087432861328
0.5936782360076904,-1.3224347829818726,0.5932559370994568
0.665690541267395,-1.3378146886825562,0.6594527959823608
0.0,0.0,0.0
0.0,0.0,0.0
0.0034014915581792593,-0.9117769598960876,0.7643121480941772
0.1166679859161377,-0.4963107109069824,0.7704358100891113
0.06148051470518112,-0.06814656406641006,0.7603561282157898
0.20160579681396484,-0.006119574420154095,0.7540935277938843
0.07833471149206161,-0.8952252268791199,0.5832856297492981
0.14207454025745392,-0.4698134958744049,0.6042876243591309
-0.19868114590644836,-0.20512709021568298,0.5870083570480347
-0.1704106628894806,-0.05688829720020294,0.5596644282341003
0.01770329475402832,-1.524847388267517,0.6434566974639893
0.018140215426683426,-1.5907708406448364,0.6489931344985962
0.051854755729436874,-0.9685584306716919,0.6707298755645752
0.05361892282962799,-1.1803269386291504,0.65458744764328
0.035795729607343674,-1.3211617469787598,0.6397659778594971
0.015742994844913483,-1.4620598554611206,0.6311274766921997
-0.057529695332050323,-1.385932445526123,0.6466572880744934
-0.15351222455501556,-1.4068132638931274,0.7450728416442871
-0.2866239547729492,-1.2241486310958862,0.6516435742378235
-0.08626418560743332,-1.1335196495056152,0.782045304775238
-0.04469754546880722,-1.1235836744308472,0.8713639974594116
0.0,0.0,0.0
0.0,0.0,0.0
0.03537962958216667,-1.3933379650115967,0.5517728328704834
0.13633714616298676,-1.3939136266708374,0.4561615586280823
0.371294766664505,-1.3404234647750854,0.4979690909385681
0.6127979755401611,-1.3319000005722046,0.5814304947853088
0.6880515217781067,-1.3391733169555664,0.6453705430030823
0.0,0.0,0.0
0.0,0.0,0.0
0.011145448312163353,-0.9134250283241272,0.7650657296180725
0.11764922738075256,-0.496184766292572,0.7718889117240906
0.06139460951089859,-0.0681871548295021,0.7606966495513916
0.201297789812088,-0.005591219756752253,0.7551729679107666
0.08998901396989822,-0.8986532092094421,0.5855523943901062
0.17679820954799652,-0.4775122404098511,0.6097084283828735
-0.15424847602844238,-0.20135949552059174,0.5848147869110107
-0.11755972355604172,-0.05399114266037941,0.5634100437164307
0.024721404537558556,-1.5274338722229004,0.6450213193893433
0.025075171142816544,-1.5933616161346436,0.6505132913589478
0.059932511299848557,-0.9716325402259827,0.6722704768180847
0.06015053018927574,-1.183470368385315,0.6567879915237427
0.04233478382229805,-1.3242716789245605,0.6416428685188293
0.022944238036870956,-1.4652315378189087,0.6325157880783081
-0.05087968707084656,-1.389371633529663,0.6466842293739319
-0.14871852099895477,-1.4105660915374756,0.7431862354278564
-0.27930158376693726,-1.227366328239441,0.6472695469856262
-0.08337373286485672,-1.1342637538909912,0.7825707793235779
-0.0437830425798893,-1.1255064010620117,0.8729047179222107
0.0,0.0,0.0
0.0,0.0,0.0
0.043868787586688995,-1.3963783979415894,0.5536053776741028
0.14673909544944763,-1.3972997665405273,0.4600578844547272
0.383282333612442,-1.3513976335525513,0.5019438862800598
0.6294516324996948,-1.3434427976608276,0.5704976320266724
0.7075217962265015,-1.342911958694458,0.6313999891281128
0.0,0.0,0.0
0.0,0.0,0.0
0.018233809620141983,-0.9154747128486633,0.7655640840530396
0.11546998471021652,-0.4959709346294403,0.7719458937644958
0.06140346825122833,-0.06769795715808868,0.7605032324790955
0.20133301615715027,-0.00509012583643198,0.755850613117218
0.10034177452325821,-0.9026779532432556,0.5873674154281616
0.20760901272296906,-0.48636704683303833,0.6130204200744629
-0.10600021481513977,-0.19089505076408386,0.5844292044639587
-0.05683262646198273,-0.04760165885090828,0.5605291128158569
0.031880881637334824,-1.5305850505828857,0.6465324759483337
0.032358620315790176,-1.5965155363082886,0.6519819498062134
0.06787203997373581,-0.9747169613838196,0.6735808849334717
0.06665375828742981,-1.186612844467163,0.658791184425354
0.04891881346702576,-1.327399492263794,0.643417239189148
0.030306203290820122,-1.4684362411499023,0.6338656544685364
-0.04408732429146767,-1.3929057121276855,0.6467574834823608
-0.14354610443115234,-1.4144432544708252,0.7415116429328918
-0.27277278900146484,-1.2318953275680542,0.642562985420227
-0.08130592107772827,-1.1369338035583496,0.7828660011291504
-0.043214645236730576,-1.1291537284851074,0.8739311695098877
0.0,0.0,0.0
0.0,0.0,0.0
0.05233623459935188,-1.399442195892334,0.5553801655769348
0.15696877241134644,-1.4005895853042603,0.46381059288978577
0.3945014476776123,-1.361365556716919,0.5068671107292175
0.6437326669692993,-1.3558367490768433,0.5635720491409302
0.7246923446655273,-1.3497729301452637,0.6202560663223267
0.0,0.0,0.0
0.0,0.0,0.0
0.02537652850151062,-0.9176368117332458,0.7659506797790527
0.11135147511959076,-0.49566465616226196,0.7711284756660461
0.061372365802526474,-0.06686761230230331,0.7607834339141846
0.20133647322654724,-0.004247230943292379,0.7575587034225464
0.11026468127965927,-0.9066355228424072,0.5889407992362976
0.23480424284934998,-0.49517136812210083,0.6147506833076477
-0.05308021977543831,-0.17479367554187775,0.5838874578475952
0.010928869247436523,-0.038720108568668365,0.5537464022636414
0.039274927228689194,-1.533759593963623,0.6480025053024292
0.03994153067469597,-1.5996907949447632,0.6534222364425659
0.07550917565822601,-0.9778571724891663,0.6745649576187134
0.07298395037651062,-1.1898053884506226,0.6605365872383118
0.05539245158433914,-1.3305996656417847,0.6450661420822144
0.03763483464717865,-1.4717258214950562,0.6352144479751587
-0.03733467683196068,-1.396560788154602,0.6468437910079956
-0.13822965323925018,-1.4184958934783936,0.7399744987487793
-0.2656266987323761,-1.2362453937530518,0.6381466388702393
-0.07826896756887436,-1.1405261754989624,0.7833953499794006
-0.04143833369016647,-1.1333301067352295,0.8750253319740295
0.0,0.0,0.0
0.0,0.0,0.0
0.06064651533961296,-1.4026252031326294,0.557105541229248
0.1669110804796219,-1.403866171836853,0.4674362242221832
0.4049222469329834,-1.369807243347168,0.5122116208076477
0.656109094619751,-1.3679701089859009,0.5597934722900391
0.7392690181732178,-1.3564974069595337,0.6123018860816956
0.0,0.0,0.0
0.0,0.0,0.0
0.0323520265519619,-0.9199427366256714,0.7661048173904419
0.1068023294210434,-0.4957723319530487,0.7700610160827637
0.06131444498896599,-0.06644894927740097,0.760890543460846
0.2012919932603836,-0.0038258356507867575,0.7583829164505005
0.11963798850774765,-0.9105790257453918,0.5901702046394348
0.2567902207374573,-0.5030904412269592,0.6150974035263062
0.0035757594741880894,-0.1547878384590149,0.5828536152839661
0.08379168063402176,-0.02913598157465458,0.5468164086341858
0.04668394848704338,-1.5370043516159058,0.6495062708854675
0.04758215323090553,-1.6029316186904907,0.6549422144889832
0.08328168094158173,-0.9807172417640686,0.6752250790596008
0.07956548035144806,-1.1927106380462646,0.661985456943512
0.06208055466413498,-1.333524465560913,0.6465727090835571
0.04508763179183006,-1.4747360944747925,0.6365963220596313
-0.03037942759692669,-1.399882435798645,0.6469452381134033
-0.13256381452083588,-1.4221832752227783,0.738571047782898
-0.25824832916259766,-1.2403699159622192,0.6338742971420288
-0.07423313707113266,-1.1427196264266968,0.7820804119110107
-0.0385584756731987,-1.1345731019973755,0.8740874528884888
0.0,0.0,0.0
0.0,0.0,0.0
0.06904545426368713,-1.405618667602539,0.5587872862815857
0.1767977476119995,-1.4069329500198364,0.4709124267101288
0.41495993733406067,-1.3753690719604492,0.5167015790939331
0.6669187545776367,-1.375225305557251,0.560048520565033
0.7511755228042603,-1.3584123849868774,0.6092671155929565
0.0,0.0,0.0
0.0,0.0,0.0
0.03949979692697525,-0.9221236109733582,0.7660332322120667
0.10242913663387299,-0.4960835874080658,0.7690055966377258
0.06101757287979126,-0.06632229685783386,0.7611202001571655
0.20100153982639313,-0.0036991306114941835,0.7590013742446899
0.1289527714252472,-0.9141045808792114,0.5911235213279724
0.2746305763721466,-0.5094621777534485,0.613959789276123
0.0639985054731369,-0.13392274081707,0.5811548233032227
0.16006675362586975,-0.020976336672902107,0.5419673919677734
0.054187528789043427,-1.5399601459503174,0.6511031985282898
0.0552816316485405,-1.6058770418167114,0.6566261649131775
0.09130603820085526,-0.983400821685791,0.6756197810173035
0.08648630231618881,-1.1954320669174194,0.6632029414176941
0.06903880089521408,-1.3362658023834229,0.6479313969612122
0.05264423415064812,-1.4775464534759521,0.637933075428009
-0.02320684865117073,-1.4029160737991333,0.6470073461532593
-0.12656551599502563,-1.4255738258361816,0.7372176051139832
-0.25087422132492065,-1.244269609451294,0.6300250887870789
-0.07035278528928757,-1.1455696821212769,0.781790018081665
-0.03566233068704605,-1.138199806213379,0.8742379546165466
0.0,0.0,0.0
0.0,0.0,0.0
0.07756630331277847,-1.4084796905517578,0.5603825449943542
0.18666818737983704,-1.409851312637329,0.474189817905426
0.4248969554901123,-1.3795605897903442,0.5204899311065674
0.677334189414978,-1.3798359632492065,0.560957133769989
0.7621358036994934,-1.3589234352111816,0.6076014637947083
0.0,0.0,0.0
0.0,0.0,0.0
0.04686644300818443,-0.9241710305213928,0.7656927108764648
0.09840428829193115,-0.49659863114356995,0.767853856086731
0.06082291156053543,-0.06646443158388138,0.761216402053833
0.20081576704978943,-0.003841261612251401,0.7597976326942444
0.13844898343086243,-0.9174174666404724,0.5918347239494324
0.28734636306762695,-0.5138022303581238,0.611918032169342
0.1271360069513321,-0.11419004201889038,0.5785321593284607
0.2363433539867401,-0.014206867665052414,0.5385474562644958
0.06172742694616318,-1.5427175760269165,0.6526855230331421
0.06294476240873337,-1.6086217164993286,0.6583345532417297
0.09996221959590912,-0.9854292273521423,0.6757031083106995
0.09414545446634293,-1.1974892616271973,0.6640815138816833
0.07661279290914536,-1.3383406400680542,0.649071991443634
0.060552552342414856,-1.4796710014343262,0.6392301917076111
-0.015521058812737465,-1.40511953830719,0.6469997763633728
-0.11994631588459015,-1.4280173778533936,0.7359117865562439
-0.24343395233154297,-1.2474249601364136,0.6265897154808044
-0.06553974747657776,-1.1474792957305908,0.7806247472763062
-0.031781312078237534,-1.1422256231307983,0.8735607266426086
0.0,0.0,0.0
0.0,0.0,0.0
0.08650133013725281,-1.4107838869094849,0.5618564486503601
0.19680644571781158,-1.4123308658599854,0.4772120714187622
0.43498891592025757,-1.3828749656677246,0.5242824554443359
0.6874139904975891,-1.3824350833892822,0.5648244023323059
0.7737025022506714,-1.359994649887085,0.6078948378562927
0.0,0.0,0.0
0.0,0.0,0.0
0.05470940098166466,-0.9257137775421143,0.7650474905967712
0.0955478623509407,-0.49698612093925476,0.7670141458511353
0.06076237931847572,-0.06659501045942307,0.7619786858558655
0.200761616230011,-0.003971767146140337,0.7615160942077637
0.14856189489364624,-0.9199334979057312,0.592369019985199
0.29582467675209045,-0.5155537128448486,0.6087905764579773
0.1914690136909485,-0.0978357121348381,0.5757236480712891
0.31227055191993713,-0.011165772564709187,0.5380809903144836
0.06950822472572327,-1.5447885990142822,0.6542933583259583
0.07073146849870682,-1.61067533493042,0.6601423621177673
0.10927142202854156,-0.9865267276763916,0.6755746603012085
0.10255857557058334,-1.1986074447631836,0.6647197604179382
0.08484094589948654,-1.3394688367843628,0.6500247716903687
0.0688653290271759,-1.4808263778686523,0.6404423117637634
-0.007280850317329168,-1.4062225818634033,0.6468827724456787
-0.1126946210861206,-1.4292962551116943,0.7345743775367737
-0.23551739752292633,-1.2491886615753174,0.62371426820755
-0.060315992683172226,-1.1485555171966553,0.7803656458854675
-0.025846557691693306,-1.1446447372436523,0.8731067180633545
0.0,0.0,0.0
0.0,0.0,0.0
0.09592952579259872,-1.4122146368026733,0.5632063150405884
0.20732581615447998,-1.4140419960021973,0.48000892996788025
0.44550636410713196,-1.3852077722549438,0.5274721384048462
0.6977167129516602,-1.3842589855194092,0.5693197846412659
0.783980667591095,-1.3584290742874146,0.6104983687400818
0.0,0.0,0.0
0.0,0.0,0.0
0.06298383325338364,-0.9263895750045776,0.7641024589538574
0.09616542607545853,-0.49700409173965454,0.7665793895721436
0.060711588710546494,-0.06665723025798798,0.7625169157981873
0.20071159303188324,-0.004034028388559818,0.7625841498374939
0.15942436456680298,-0.9214569330215454,0.5928294062614441
0.29785507917404175,-0.5137571096420288,0.6026659607887268
0.2568838894367218,-0.0848788246512413,0.5733969211578369
0.3856573700904846,-0.009861222468316555,0.5371835231781006
0.07758206874132156,-1.545894980430603,0.6558534502983093
0.07869674265384674,-1.6117615699768066,0.6619449853897095
0.11957871168851852,-0.9869550466537476,0.6750656366348267
0.11210864037275314,-1.1990491151809692,0.664908230304718
0.09409115463495255,-1.3399163484573364,0.650639533996582
0.07792200148105621,-1.4812818765640259,0.6415123343467712
0.0018671321449801326,-1.4064762592315674,0.6465343236923218
-0.10448098182678223,-1.429572582244873,0.7330843806266785
-0.22681953012943268,-1.2497559785842896,0.621221125125885
-0.05360021814703941,-1.1489964723587036,0.7799814343452454
-0.019729847088456154,-1.1460801362991333,0.872979462146759
0.0,0.0,0.0
0.0,0.0,0.0
0.1062178909778595,-1.41310453414917,0.5643331408500671
0.218612402677536,-1.4154516458511353,0.48250260949134827
0.45683717727661133,-1.3868733644485474,0.5298988223075867
0.7086971402168274,-1.3858234882354736,0.5738045573234558
0.7954296469688416,-1.358385443687439,0.6129063367843628
0.0,0.0,0.0
0.0,0.0,0.0
0.0719255581498146,-0.9265806674957275,0.7627028822898865
0.09906530380249023,-0.49677714705467224,0.7660704255104065
0.06064341962337494,-0.06667870283126831,0.7627665400505066
0.20063558220863342,-0.004055457189679146,0.7642446756362915
0.17140670120716095,-0.9221302270889282,0.5931646227836609
0.29066818952560425,-0.508311927318573,0.589992105960846
0.31928035616874695,-0.07785496860742569,0.5710176229476929
0.45360496640205383,-0.012449633330106735,0.5363662838935852
0.08627218753099442,-1.546294927597046,0.6573548913002014
0.08714891225099564,-1.6121337413787842,0.663776695728302
0.13135439157485962,-0.9869450330734253,0.6743953227996826
0.12324736267328262,-1.1990453004837036,0.6648571491241455
0.10486352443695068,-1.3399040699005127,0.6509782671928406
0.08828514069318771,-1.4812506437301636,0.6423032879829407
0.01245346013456583,-1.4061353206634521,0.6458634734153748
-0.09484635293483734,-1.429235816001892,0.7312297821044922
-0.216984361410141,-1.2492200136184692,0.6194677948951721
-0.0449255034327507,-1.1479202508926392,0.7791435718536377
-0.009666497819125652,-1.1450071334838867,0.8716241717338562
0.0,0.0,0.0
0.0,0.0,0.0
0.11795330792665482,-1.4135593175888062,0.5652115941047668
0.23132598400115967,-1.4165639877319336,0.4847635328769684
0.4696047604084015,-1.3880056142807007,0.5318997502326965
0.7207884788513184,-1.3867875337600708,0.5795179605484009
0.8076097965240479,-1.357675313949585,0.6171858310699463
0.0,0.0,0.0
0.0,0.0,0.0
0.08204812556505203,-0.9263823628425598,0.7609818577766418
0.10399404168128967,-0.4962918162345886,0.7653940320014954
0.06053980067372322,-0.06667198985815048,0.7621678113937378
0.20051342248916626,-0.004048729781061411,0.7648841142654419
0.18501991033554077,-0.9223141670227051,0.5935310125350952
0.2984638214111328,-0.5071468949317932,0.5778595805168152
0.37494635581970215,-0.0822623148560524,0.5680891871452332
0.511937141418457,-0.021537501364946365,0.5354135036468506
0.09615619480609894,-1.5462164878845215,0.6585794687271118
0.09668738394975662,-1.6120258569717407,0.6653320789337158
0.14414532482624054,-0.9863121509552002,0.6735162138938904
0.13554787635803223,-1.1984152793884277,0.6645165681838989
0.11684084683656693,-1.3392561674118042,0.6508901119232178
0.09979040175676346,-1.4805655479431152,0.6425284147262573
0.0242368932813406,-1.405115008354187,0.6446065902709961
-0.08409667760133743,-1.428328514099121,0.7286258935928345
-0.20693618059158325,-1.2479336261749268,0.6182525753974915
-0.03531996160745621,-1.146105170249939,0.778068482875824
0.0008208024082705379,-1.1448040008544922,0.8702449202537537
0.0,0.0,0.0
0.0,0.0,0.0
0.1309431940317154,-1.4133172035217285,0.5656349062919617
0.24535465240478516,-1.416958212852478,0.48669806122779846
0.4837542474269867,-1.3885984420776367,0.5333400368690491
0.7340499758720398,-1.387545108795166,0.5854281187057495
0.8208519816398621,-1.357691764831543,0.6225566267967224
0.0,0.0,0.0
0.0,0.0,0.0
0.09300986677408218,-0.9255058765411377,0.7588621973991394
0.11221075057983398,-0.4953169822692871,0.7657836675643921
0.060337040573358536,-0.06663056463003159,0.7627956867218018
0.2003062218427658,-0.004007392562925816,0.765734076499939
0.19977161288261414,-0.9219248294830322,0.5937905311584473
0.32539039850234985,-0.5104401111602783,0.5743165612220764
0.4218258261680603,-0.08965451270341873,0.5637525320053101
0.5601710677146912,-0.029414301738142967,0.5363045930862427
0.10712786763906479,-1.545496940612793,0.6591867804527283
0.10727065056562424,-1.6112797260284424,0.6662120819091797
0.15778057277202606,-0.9856367707252502,0.6723968386650085
0.1488642692565918,-1.1977381706237793,0.6637539267539978
0.1298375129699707,-1.33855140209198,0.6502853035926819
0.11220787465572357,-1.4798038005828857,0.6421670317649841
0.037015151232481,-1.4039673805236816,0.6427275538444519
-0.07246995717287064,-1.4272137880325317,0.7252314686775208
-0.19533443450927734,-1.2454299926757812,0.617189347743988
-0.02374456822872162,-1.142756700515747,0.7764919400215149
0.011570612899959087,-1.1429232358932495,0.8689968585968018
0.0,0.0,0.0
0.0,0.0,0.0
0.14495743811130524,-1.4130038022994995,0.5655468702316284
0.2604895830154419,-1.4173284769058228,0.48829472064971924
0.49896493554115295,-1.3892275094985962,0.5347055792808533
0.7480654120445251,-1.3885408639907837,0.5922444462776184
0.8351294994354248,-1.3586617708206177,0.6287329792976379
0.0,0.0,0.0
0.0,0.0,0.0
0.10471400618553162,-0.9247115254402161,0.7564696073532104
0.11898059397935867,-0.49437087774276733,0.7655460834503174
0.06002640724182129,-0.0665983334183693,0.7629187703132629
0.19996918737888336,-0.00397513946518302,0.7669207453727722
0.2153240144252777,-0.9213680624961853,0.5939463973045349
0.346586674451828,-0.5119649767875671,0.5686832666397095
0.46031972765922546,-0.09552239626646042,0.5580893158912659
0.5994161367416382,-0.03423145040869713,0.5376616716384888
0.11894122511148453,-1.5447078943252563,0.6591830849647522
0.11863439530134201,-1.6104636192321777,0.6664525866508484
0.1715770661830902,-0.9854944944381714,0.6712451577186584
0.16251513361930847,-1.1975951194763184,0.6627861261367798
0.14332842826843262,-1.338384747505188,0.6492981314659119
0.1252427101135254,-1.4795844554901123,0.641261875629425
0.05037279799580574,-1.4034327268600464,0.6403324604034424
-0.060370273888111115,-1.4266854524612427,0.7211381196975708
-0.1825612187385559,-1.2424474954605103,0.616544246673584
-0.010838018730282784,-1.1397206783294678,0.775668740272522
0.025746213272213936,-1.1394416093826294,0.8676788806915283
0.0,0.0,0.0
0.0,0.0,0.0
0.15957798063755035,-1.4131346940994263,0.5650321245193481
0.27634721994400024,-1.417916178703308,0.48969054222106934
0.5148606896400452,-1.38984215259552,0.5359218120574951
0.7626717686653137,-1.3888871669769287,0.5987787246704102
0.8496735095977783,-1.3591371774673462,0.6355208158493042
0.0,0.0,0.0
0.0,0.0,0.0
0.11672491580247879,-0.9243970513343811,0.7540372014045715
0.11923471838235855,-0.493800550699234,0.7617411017417908
0.05614636838436127,-0.06661328673362732,0.7600698471069336
0.1960526406764984,-0.003990193363279104,0.7651929259300232
0.23091207444667816,-0.9213948249816895,0.5940002202987671
0.36899280548095703,-0.5144395232200623,0.5657139420509338
0.4894724190235138,-0.10003529489040375,0.5506920218467712
0.6287561655044556,-0.03693582862615585,0.5388535857200623
0.13140998780727386,-1.5444685220718384,0.6585659384727478
0.1307009607553482,-1.6102018356323242,0.6660070419311523
0.1855171024799347,-0.9852920174598694,0.6698915362358093
0.17645025253295898,-1.1973867416381836,0.661321222782135
0.157136008143425,-1.3381528854370117,0.647769570350647
0.1385650783777237,-1.4792972803115845,0.6398711204528809
0.06405214965343475,-1.4028266668319702,0.6375200748443604
-0.04793617129325867,-1.425637125968933,0.7167196273803711
-0.16946963965892792,-1.2384966611862183,0.6166089773178101
0.0031628550495952368,-1.1356476545333862,0.7746669054031372
0.03980362415313721,-1.1361562013626099,0.866653561592102
0.0,0.0,0.0
0.0,0.0,0.0
0.17439869046211243,-1.4132311344146729,0.5639984011650085
0.2924034893512726,-1.418409824371338,0.49063408374786377
0.5310163497924805,-1.3905888795852661,0.5365042090415955
0.777145266532898,-1.3899407386779785,0.6056589484214783
0.8640660047531128,-1.3606144189834595,0.6429296135902405
0.0,0.0,0.0
0.0,0.0,0.0
0.12916822731494904,-0.924184262752533,0.7516646385192871
0.12497136741876602,-0.493677020072937,0.7628402709960938
0.05968236178159714,-0.06681744754314423,0.7625520825386047
0.1995144784450531,-0.004194542299956083,0.7694090604782104
0.24629248678684235,-0.9212049841880798,0.593764066696167
0.3863478899002075,-0.515113353729248,0.5628926753997803
0.5086391568183899,-0.10142224282026291,0.5434929132461548
0.6470656991004944,-0.03563443943858147,0.5378628969192505
0.14417320489883423,-1.5441538095474243,0.6574663519859314
0.14305925369262695,-1.6098603010177612,0.6650928854942322
0.19982072710990906,-0.984527587890625,0.6683362126350403
0.19081762433052063,-1.1966032981872559,0.6592435240745544
0.1713036745786667,-1.3373334407806396,0.6456043720245361
0.1520961970090866,-1.4784067869186401,0.6379634737968445
0.07801572233438492,-1.4015616178512573,0.6344482898712158
-0.03496938943862915,-1.4232290983200073,0.7125454545021057
-0.1557774543762207,-1.2333539724349976,0.6168012022972107
0.017751382663846016,-1.1329097747802734,0.7754232287406921
0.055431850254535675,-1.1349178552627563,0.8669682741165161
0.0,0.0,0.0
0.0,0.0,0.0
0.1891884207725525,-1.4127906560897827,0.5623054504394531
0.308235228061676,-1.4183802604675293,0.49067527055740356
0.5469293594360352,-1.390742301940918,0.5362319946289062
0.7913609743118286,-1.390728235244751,0.6111676692962646
0.8782746195793152,-1.3622498512268066,0.6491064429283142
0.0,0.0,0.0
0.0,0.0,0.0
0.14252233505249023,-0.9236307144165039,0.749605119228363
0.1279069036245346,-0.49336132407188416,0.761167585849762
0.05932508409023285,-0.06701890379190445,0.7619142532348633
0.19902415573596954,-0.004396745469421148,0.7710956931114197
0.2614608705043793,-0.9202436804771423,0.5930749773979187
0.39873918890953064,-0.5133705735206604,0.5600913166999817
0.5168128609657288,-0.0986839011311531,0.536312997341156
0.6520843505859375,-0.026459109038114548,0.5336920619010925
0.15715371072292328,-1.5432299375534058,0.6558468341827393
0.1556059718132019,-1.6089028120040894,0.6636836528778076
0.21451939642429352,-0.9834920763969421,0.6665484309196472
0.20559130609035492,-1.1955270767211914,0.6564728021621704
0.1856783628463745,-1.3361999988555908,0.6428208947181702
0.16552703082561493,-1.477169394493103,0.6357110142707825
0.09199665486812592,-1.3998304605484009,0.6315392255783081
-0.02133963629603386,-1.4194875955581665,0.7096593379974365
-0.1412760466337204,-1.226940393447876,0.6182538866996765
0.0348881371319294,-1.1272850036621094,0.7744500041007996
0.07383961975574493,-1.1306612491607666,0.8654209971427917
0.0,0.0,0.0
0.0,0.0,0.0
0.20339921116828918,-1.412143588066101,0.5599298477172852
0.3229881525039673,-1.418360948562622,0.4892609119415283
0.56160569190979,-1.3905954360961914,0.5351400971412659
0.8045892119407654,-1.3904610872268677,0.6146456003189087
0.8912377953529358,-1.3627430200576782,0.6537362337112427
0.0,0.0,0.0
0.0,0.0,0.0
0.1570701003074646,-0.9230908155441284,0.748080313205719
0.12570823729038239,-0.49367475509643555,0.7579423785209656
0.05884828418493271,-0.06707402318716049,0.7615981101989746
0.19841276109218597,-0.00445270212367177,0.7726432681083679
0.2762060761451721,-0.9187444448471069,0.5917240977287292
0.4132292568683624,-0.5114808082580566,0.5627422332763672
0.5149549841880798,-0.09306657314300537,0.530287504196167
0.6468336582183838,-0.014775671996176243,0.5307552814483643
0.17005805671215057,-1.5419467687606812,0.653898298740387
0.1680215299129486,-1.6075724363327026,0.6620143055915833
0.22941476106643677,-0.9823046922683716,0.6645663976669312
0.22054272890090942,-1.1942700147628784,0.6530739665031433
0.19992589950561523,-1.3348572254180908,0.6395847201347351
0.17839574813842773,-1.4756662845611572,0.6333960294723511
0.10556144267320633,-1.3976610898971558,0.6294171214103699
-0.006939439568668604,-1.414526104927063,0.70937579870224
-0.12657694518566132,-1.220622181892395,0.6204811930656433
0.052090056240558624,-1.122118592262268,0.7745504975318909
0.09503313153982162,-1.1274644136428833,0.8636102676391602
0.0,0.0,0.0
0.0,0.0,0.0
0.21624545753002167,-1.4114004373550415,0.5569579601287842
0.3354749083518982,-1.4187195301055908,0.48578891158103943
0.5739864706993103,-1.3904365301132202,0.5319024324417114
0.8157269954681396,-1.390550971031189,0.6151111125946045
0.901947021484375,-1.363532543182373,0.6556136012077332
0.0,0.0,0.0
0.0,0.0,0.0
0.17287464439868927,-0.9227158427238464,0.7473224401473999
0.12715809047222137,-0.4945598244667053,0.7557740211486816
0.058615583926439285,-0.06824398785829544,0.7611218690872192
0.1979556381702423,-0.005629927851259708,0.7747414112091064
0.290068119764328,-0.9168005585670471,0.5895559787750244
0.4164577126502991,-0.506125271320343,0.5603925585746765
0.5078849792480469,-0.08537255227565765,0.5275275111198425
0.642018735408783,-0.01125663798302412,0.5335800647735596
0.1824701875448227,-1.5403865575790405,0.6518917679786682
0.17988602817058563,-1.60594642162323,0.6603754758834839
0.2438732236623764,-0.9816629886627197,0.6625972390174866
0.23505640029907227,-1.1935367584228516,0.6494632959365845
0.213546022772789,-1.33402419090271,0.6363340020179749
0.19038718938827515,-1.4746243953704834,0.6314125061035156
0.11829846352338791,-1.3958697319030762,0.6288917064666748
0.008452806621789932,-1.409728765487671,0.7130115032196045
-0.11055365949869156,-1.2135273218154907,0.6284149289131165
0.0703452080488205,-1.1106551885604858,0.7769248485565186
0.11996395885944366,-1.1162216663360596,0.8624311089515686
0.0,0.0,0.0
0.0,0.0,0.0
0.2269478589296341,-1.411134123802185,0.5537095665931702
0.34445592761039734,-1.420050024986267,0.47990819811820984
0.5825896859169006,-1.3909837007522583,0.5274648666381836
0.8232126235961914,-1.3909357786178589,0.6138523817062378
0.9096677303314209,-1.3664435148239136,0.6554455161094666
0.0,0.0,0.0
0.0,0.0,0.0
0.18961220979690552,-0.9229722023010254,0.7474930882453918
0.1358090490102768,-0.49574175477027893,0.7551343441009521
0.058751180768013,-0.07087258249521255,0.7596228122711182
0.19789746403694153,-0.008263505063951015,0.7751173973083496
0.3022408187389374,-0.9153308272361755,0.5865088105201721
0.4219113886356354,-0.5024954676628113,0.5595843195915222
0.5072235465049744,-0.08024342358112335,0.5296352505683899
0.6440161466598511,-0.011062623001635075,0.5344806909561157
0.19425202906131744,-1.5392943620681763,0.6501279473304749
0.19119660556316376,-1.6047813892364502,0.6590084433555603
0.25790488719940186,-0.9814178943634033,0.6605610847473145
0.24915145337581635,-1.1931850910186768,0.6457768678665161
0.2265099734067917,-1.3335602283477783,0.6333686709403992
0.2014700025320053,-1.4738874435424805,0.6301625370979309
0.130286306142807,-1.3942759037017822,0.6307251453399658
0.025614069774746895,-1.4052326679229736,0.7215983867645264
-0.09180246293544769,-1.2055519819259644,0.6431440114974976
0.09142359346151352,-1.1003673076629639,0.7871115207672119
0.14684262871742249,-1.1011885404586792,0.8691627979278564
0.0,0.0,0.0
0.0,0.0,0.0
0.23505041003227234,-1.4111378192901611,0.550536572933197
0.34880778193473816,-1.4224358797073364,0.47137925028800964
0.5863198637962341,-1.3918447494506836,0.5210418701171875
0.826199471950531,-1.3913079500198364,0.6094709634780884
0.9129815697669983,-1.3696837425231934,0.6519634127616882
0.0,0.0,0.0
0.0,0.0,0.0
0.20741935074329376,-0.9237455725669861,0.7484320402145386
0.14528369903564453,-0.4976206421852112,0.7544096112251282
0.05863991007208824,-0.07458813488483429,0.7572831511497498
0.1975688487291336,-0.011984308250248432,0.7746375203132629
0.31250008940696716,-0.9141438603401184,0.582524299621582
0.42710620164871216,-0.49969616532325745,0.5584906935691833
0.5079217553138733,-0.07630418241024017,0.5324148535728455
0.6452120542526245,-0.008161718025803566,0.5378575921058655
0.2054491937160492,-1.538528561592102,0.648953914642334
0.20203931629657745,-1.6039398908615112,0.6582536101341248
0.26617804169654846,-0.979450523853302,0.6584547758102417
0.2574905455112457,-1.1911132335662842,0.6422823071479797
0.2335464060306549,-1.3313729763031006,0.6310708522796631
0.20657584071159363,-1.471374750137329,0.630021333694458
0.13663017749786377,-1.3908637762069702,0.6355928182601929
0.04031527414917946,-1.3993074893951416,0.7355248928070068
-0.07487528771162033,-1.1960902214050293,0.6630817651748657
0.11507201194763184,-1.097712755203247,0.8030965924263
0.17853808403015137,-1.0983034372329712,0.8790969252586365
0.0,0.0,0.0
0.0,0.0,0.0
0.23504307866096497,-1.409165859222412,0.5480144023895264
0.3421928286552429,-1.4236323833465576,0.460584819316864
0.5785349607467651,-1.3885458707809448,0.5127912163734436
0.8171313405036926,-1.3866437673568726,0.6046081185340881
0.9040077924728394,-1.368935465812683,0.6486902236938477
0.0,0.0,0.0
0.0,0.0,0.0
0.22098013758659363,-0.9228794574737549,0.7498497366905212
0.1526835858821869,-0.4976728856563568,0.7535908222198486
0.05848350748419762,-0.07624908536672592,0.7540165781974792
0.19704978168010712,-0.013662263751029968,0.7741148471832275
0.31541502475738525,-0.9111469388008118,0.5777918696403503
0.4285530745983124,-0.4960963726043701,0.5574972033500671
0.508872926235199,-0.07234463840723038,0.5361653566360474
0.6481286287307739,-0.008148829452693462,0.5390631556510925
0.21110211312770844,-1.5360355377197266,0.6486203670501709
0.2075572907924652,-1.601385474205017,0.6582938432693481
0.2738112509250641,-0.9775083661079407,0.6562343239784241
0.26511892676353455,-1.1890896558761597,0.6391931772232056
0.2398512363433838,-1.3292380571365356,0.6296152472496033
0.2112521082162857,-1.4689141511917114,0.6309133768081665
0.14316676557064056,-1.3876209259033203,0.6436120271682739
0.05883123353123665,-1.394087553024292,0.753974974155426
-0.051777344197034836,-1.1865453720092773,0.6868475675582886
0.15143784880638123,-1.104416012763977,0.8184552788734436
0.22300182282924652,-1.108650803565979,0.8867562413215637
0.0,0.0,0.0
0.0,0.0,0.0
0.2321578562259674,-1.4067435264587402,0.5466328859329224
0.3289993703365326,-1.4246844053268433,0.4484792947769165
0.563322901725769,-1.3799407482147217,0.502373993396759
0.7987229228019714,-1.377071499824524,0.6020775437355042
0.8848100900650024,-1.362572431564331,0.6488012671470642
0.0,0.0,0.0
0.0,0.0,0.0
0.23526106774806976,-0.921978771686554,0.7512423992156982
0.15913496911525726,-0.49808868765830994,0.7522264122962952
0.056789007037878036,-0.07857552170753479,0.7498021721839905
0.1948036104440689,-0.016003921627998352,0.7734330296516418
0.3162637948989868,-0.9082167148590088,0.5726124048233032
0.4292317032814026,-0.49296441674232483,0.5557965040206909
0.5102130770683289,-0.06914196908473969,0.538813054561615
0.6501961946487427,-0.006519424729049206,0.5410057306289673
0.2168387621641159,-1.5336893796920776,0.648812472820282
0.2134990394115448,-1.5990283489227295,0.6586315631866455
0.28071144223213196,-0.9750880599021912,0.6540382504463196
0.2718505561351776,-1.186645269393921,0.6369761824607849
0.24554800987243652,-1.3267139196395874,0.629181981086731
0.21615158021450043,-1.4661929607391357,0.6324113607406616
0.15083566308021545,-1.3845902681350708,0.6543266773223877
0.08200289309024811,-1.3897700309753418,0.7750308513641357
-0.021681515499949455,-1.1761411428451538,0.7164953351020813
0.20117762684822083,-1.1206164360046387,0.8288031220436096
0.28047919273376465,-1.1319831609725952,0.8869959712028503
0.0,0.0,0.0
0.0,0.0,0.0
0.22703978419303894,-1.4031380414962769,0.5469071865081787
0.30952075123786926,-1.4236688613891602,0.43686333298683167
0.5408147573471069,-1.3652671575546265,0.49077489972114563
0.7707682847976685,-1.3627064228057861,0.6024754643440247
0.8549486398696899,-1.351821780204773,0.6534609794616699
0.0,0.0,0.0
0.0,0.0,0.0
0.2497713416814804,-0.9200783967971802,0.7520832419395447
0.16871431469917297,-0.49710237979888916,0.7523837089538574
0.058131780475378036,-0.07971317321062088,0.7469430565834045
0.19513218104839325,-0.016986845061182976,0.7755430340766907
0.31554388999938965,-0.9052765965461731,0.5673824548721313
0.43028852343559265,-0.49042242765426636,0.5529336929321289
0.5117650628089905,-0.06664857268333435,0.5371493697166443
0.6517295837402344,-0.00402534194290638,0.5402998328208923
0.223354771733284,-1.5312206745147705,0.6487494707107544
0.22069992125034332,-1.5966506004333496,0.6581636667251587
0.28650155663490295,-0.9726780652999878,0.651715874671936
0.27719348669052124,-1.1842801570892334,0.6356616020202637
0.2501853108406067,-1.3242998123168945,0.6295942068099976
0.22086024284362793,-1.4637653827667236,0.6338804364204407
0.15967147052288055,-1.3825597763061523,0.6665454506874084
0.10912884771823883,-1.3868160247802734,0.7960121035575867
0.01790110021829605,-1.1640312671661377,0.7529011368751526
0.26072970032691956,-1.144705057144165,0.8305092453956604
0.34304898977279663,-1.1712552309036255,0.8787063360214233
0.0,0.0,0.0
0.0,0.0,0.0
0.21992038190364838,-1.3988378047943115,0.549092710018158
0.2845481336116791,-1.420049786567688,0.4278179109096527
0.512097954750061,-1.3455862998962402,0.4777217507362366
0.7348206043243408,-1.3459726572036743,0.6032472252845764
0.8151839971542358,-1.3369578123092651,0.6603855490684509
0.0,0.0,0.0
0.0,0.0,0.0
0.26339468359947205,-0.9175212383270264,0.751815676689148
0.17679855227470398,-0.49564677476882935,0.7503578662872314
0.05895879119634628,-0.08031120896339417,0.7413028478622437
0.1945679783821106,-0.017064636573195457,0.7749432921409607
0.3136712610721588,-0.9029561281204224,0.5622909069061279
0.44470474123954773,-0.49278175830841064,0.5541499853134155
0.5121621489524841,-0.0666593685746193,0.535681426525116
0.652093768119812,-0.00403622817248106,0.540054976940155
0.2299746721982956,-1.52915358543396,0.6476180553436279
0.22835344076156616,-1.594772458076477,0.6558808088302612
0.2908468544483185,-0.9702984690666199,0.6494253277778625
0.2807820737361908,-1.1820067167282104,0.6355001330375671
0.2533740699291229,-1.3220036029815674,0.630868673324585
0.2247673124074936,-1.4616236686706543,0.6349813938140869
0.16919609904289246,-1.3816829919815063,0.6788769364356995
0.13830062747001648,-1.385207176208496,0.8144030570983887
0.06896796822547913,-1.1513620615005493,0.7964154481887817
0.3220927119255066,-1.1739386320114136,0.8243519067764282
0.4045170843601227,-1.218585729598999,0.8562456965446472
0.0,0.0,0.0
0.0,0.0,0.0
0.21145202219486237,-1.3940378427505493,0.5533705353736877
0.25652819871902466,-1.4133085012435913,0.42325109243392944
0.4794699251651764,-1.3211601972579956,0.4634978473186493
0.6945101022720337,-1.3262516260147095,0.6016787886619568
0.7720466256141663,-1.3211957216262817,0.6630535125732422
0.0,0.0,0.0
0.0,0.0,0.0
0.27494874596595764,-0.9141843914985657,0.7503938674926758
0.18237414956092834,-0.49358972907066345,0.7473680377006531
0.058905161917209625,-0.0799526646733284,0.735894501209259
0.19380336999893188,-0.017046377062797546,0.7728665471076965
0.3112168312072754,-0.9014240503311157,0.5575692057609558
0.4489635229110718,-0.4934077858924866,0.5523124933242798
0.5121428370475769,-0.0665765106678009,0.5351288318634033
0.6520888209342957,-0.003953339532017708,0.5390195250511169
0.23569713532924652,-1.5273873805999756,0.6451350450515747
0.23520132899284363,-1.5932402610778809,0.6514506340026855
0.29397010803222656,-0.9681828022003174,0.6471487283706665
0.28284645080566406,-1.1800167560577393,0.6363512277603149
0.2551730275154114,-1.3199957609176636,0.6329108476638794
0.22743552923202515,-1.4598203897476196,0.6358648538589478
0.17862902581691742,-1.3818296194076538,0.6900943517684937
0.16704317927360535,-1.3846793174743652,0.8286292552947998
0.1315593719482422,-1.1431092023849487,0.8427322506904602
0.3786768615245819,-1.2021254301071167,0.8142329454421997
0.4562346041202545,-1.2629384994506836,0.8237677812576294
0.0,0.0,0.0
0.0,0.0,0.0
0.20271453261375427,-1.3893665075302124,0.5595066547393799
0.22886134684085846,-1.404397964477539,0.42376911640167236
0.44084787368774414,-1.283740520477295,0.44159072637557983
0.6427253484725952,-1.3077895641326904,0.5966046452522278
0.7179279327392578,-1.3172951936721802,0.6603114008903503
0.0,0.0,0.0
0.0,0.0,0.0
0.283901184797287,-0.9104992747306824,0.7479823231697083
0.1866583228111267,-0.49096256494522095,0.7445488572120667
0.05863067880272865,-0.07871643453836441,0.7329778671264648
0.19394540786743164,-0.01568949781358242,0.7681801319122314
0.30914437770843506,-0.9007611870765686,0.5532324910163879
0.44914865493774414,-0.4934959411621094,0.5496447682380676
0.5122814178466797,-0.06655720621347427,0.5351734161376953
0.6522367596626282,-0.003934098873287439,0.5387082695960999
0.2396913468837738,-1.525853157043457,0.6419364213943481
0.2400936782360077,-1.5918947458267212,0.6458221673965454
0.29639196395874023,-0.9670842289924622,0.6450232863426208
0.2839793860912323,-1.1790095567703247,0.6380652189254761
0.25607770681381226,-1.3189656734466553,0.6356993913650513
0.2290484756231308,-1.458953619003296,0.6370428800582886
0.1872788369655609,-1.3832029104232788,0.6996732950210571
0.19319555163383484,-1.3856171369552612,0.8385741114616394
0.20780695974826813,-1.1457269191741943,0.8838873505592346
0.4347154498100281,-1.2278854846954346,0.7994791269302368
0.5037528276443481,-1.2975355386734009,0.7858023643493652
0.0,0.0,0.0
0.0,0.0,0.0
0.19497770071029663,-1.3859633207321167,0.566921055316925
0.204764723777771,-1.3954395055770874,0.42854222655296326
0.3906469941139221,-1.238014817237854,0.4066475033760071
0.5679224729537964,-1.2945194244384766,0.5819840431213379
0.6377996802330017,-1.3275842666625977,0.6438567042350769
0.0,0.0,0.0
0.0,0.0,0.0
0.2903827130794525,-0.9074663519859314,0.7450522780418396
0.19004809856414795,-0.48865431547164917,0.74214768409729
0.05876863747835159,-0.07740169763565063,0.7317123413085938
0.19495820999145508,-0.014828134328126907,0.7642487287521362
0.3083359897136688,-0.9015180468559265,0.5493436455726624
0.4447716772556305,-0.493037611246109,0.5465041399002075
0.5120176076889038,-0.06661710143089294,0.5357595086097717
0.6519859433174133,-0.003993918187916279,0.5387373566627502
0.24202315509319305,-1.5250940322875977,0.6391707062721252
0.2429647147655487,-1.5912290811538696,0.6406005620956421
0.2981054484844208,-0.9659126996994019,0.6432592272758484
0.28437936305999756,-1.1778619289398193,0.6404681205749512
0.25640514492988586,-1.3178166151046753,0.6390821933746338
0.23005792498588562,-1.4579405784606934,0.6387766599655151
0.19459660351276398,-1.3844034671783447,0.7076261043548584
0.21541820466518402,-1.386981725692749,0.8450818061828613
0.2903568744659424,-1.163071870803833,0.9088208079338074
0.49494218826293945,-1.2465927600860596,0.780246376991272
0.552603006362915,-1.3191245794296265,0.7453362941741943
0.0,0.0,0.0
0.0,0.0,0.0
0.1888761669397354,-1.3830381631851196,0.5747522711753845
0.18580211699008942,-1.3867652416229248,0.43578848242759705
0.32971182465553284,-1.1972209215164185,0.379422664642334
0.4970182180404663,-1.275871992111206,0.5560149550437927
0.5596414804458618,-1.3255441188812256,0.6144557595252991
0.0,0.0,0.0
0.0,0.0,0.0
0.2944414019584656,-0.9041216373443604,0.7420753836631775
0.19091473519802094,-0.48607948422431946,0.740683913230896
0.057407550513744354,-0.07550537586212158,0.7319328784942627
0.19379977881908417,-0.012851239182054996,0.7634492516517639
0.3086409270763397,-0.9025014638900757,0.5459751486778259
0.4404565393924713,-0.4925041198730469,0.5435622334480286
0.5117576718330383,-0.06668263673782349,0.535559892654419
0.6517367362976074,-0.004059497732669115,0.5379829406738281
0.2433740347623825,-1.5240354537963867,0.6375242471694946
0.2446480542421341,-1.5901762247085571,0.6367897987365723
0.299612432718277,-0.96506267786026,0.6419385671615601
0.28464391827583313,-1.1769546270370483,0.6430755257606506
0.25669053196907043,-1.3169196844100952,0.6426482200622559
0.2309546172618866,-1.4571481943130493,0.6410296559333801
0.20075829327106476,-1.3854814767837524,0.7142247557640076
0.23396478593349457,-1.3889245986938477,0.8492053151130676
0.3720308244228363,-1.1958917379379272,0.9082831740379333
0.5684783458709717,-1.2635259628295898,0.759299099445343
0.6224043369293213,-1.3272380828857422,0.7060346603393555
0.0,0.0,0.0
0.0,0.0,0.0
0.18454435467720032,-1.3809831142425537,0.5822895169258118
0.17184185981750488,-1.3799452781677246,0.4438270628452301
0.25744378566741943,-1.1649397611618042,0.3647126853466034
0.4393555819988251,-1.2491706609725952,0.5233805179595947
0.5007383823394775,-1.3143540620803833,0.5656607151031494
0.0,0.0,0.0
0.0,0.0,0.0
0.29712554812431335,-0.9012673497200012,0.7395098805427551
0.1937170922756195,-0.48319435119628906,0.7403299808502197
0.058604802936315536,-0.07310447841882706,0.7337831854820251
0.19526253640651703,-0.010505180805921555,0.7642406225204468
0.30990156531333923,-0.9037051796913147,0.54332035779953
0.4356630742549896,-0.4918091893196106,0.5411428213119507
0.5115318894386292,-0.066738560795784,0.535599410533905
0.6515186429023743,-0.004115268588066101,0.5375229716300964
0.24439066648483276,-1.5231155157089233,0.6371291875839233
0.24586352705955505,-1.589211344718933,0.634694516658783
0.30134642124176025,-0.9642798900604248,0.6411373019218445
0.2854790985584259,-1.1760772466659546,0.6454935073852539
0.25773853063583374,-1.316084384918213,0.6459612846374512
0.23267756402492523,-1.4564212560653687,0.6434194445610046
0.20687444508075714,-1.386277437210083,0.7197049260139465
0.2505578100681305,-1.3913100957870483,0.8516167402267456
0.4423340857028961,-1.242664098739624,0.8822824358940125
0.654771625995636,-1.2756898403167725,0.7439284324645996
0.7200825810432434,-1.3190584182739258,0.6834471821784973
0.0,0.0,0.0
0.0,0.0,0.0
0.18219693005084991,-1.3795065879821777,0.589185893535614
0.16212177276611328,-1.3753883838653564,0.4516565799713135
0.18534578382968903,-1.1483675241470337,0.363700270652771
0.3952733278274536,-1.2101547718048096,0.495893269777298
0.4405601918697357,-1.2981699705123901,0.49849599599838257
0.0,0.0,0.0
0.0,0.0,0.0
0.2996152639389038,-0.8989407420158386,0.7376981377601624
0.194536492228508,-0.48128917813301086,0.7398427724838257
0.05804196745157242,-0.07163918018341064,0.7345521450042725
0.19469937682151794,-0.009030037559568882,0.7649908065795898
0.3116139769554138,-0.9045469164848328,0.541524350643158
0.43352678418159485,-0.49149540066719055,0.5393544435501099
0.5114244222640991,-0.06677663326263428,0.5351292490959167
0.6514184474945068,-0.00415345374494791,0.5364254117012024
0.24617640674114227,-1.5222209692001343,0.6374537348747253
0.24783174693584442,-1.5882515907287598,0.6337153315544128
0.30342134833335876,-0.9635490775108337,0.640972912311554
0.2872293293476105,-1.1752723455429077,0.6476297378540039
0.25990593433380127,-1.3153578042984009,0.6487672328948975
0.23553398251533508,-1.4557994604110718,0.6454376578330994
0.21380890905857086,-1.3870290517807007,0.7242036461830139
0.26673248410224915,-1.3944414854049683,0.852571964263916
0.4914016127586365,-1.2981137037277222,0.8448987007141113
0.7260478734970093,-1.279585599899292,0.7450987696647644
0.805414617061615,-1.2986953258514404,0.6890621781349182
0.0,0.0,0.0
0.0,0.0,0.0
0.18155419826507568,-1.378379464149475,0.5954601764678955
0.15520112216472626,-1.3728903532028198,0.45904290676116943
0.13267379999160767,-1.1434675455093384,0.3773619532585144
0.36838680505752563,-1.158060073852539,0.4752838611602783
0.4556055963039398,-1.2008761167526245,0.45620477199554443
0.0,0.0,0.0
0.0,0.0,0.0
0.30286115407943726,-0.8971483707427979,0.7368208765983582
0.1959226131439209,-0.47997424006462097,0.7398050427436829
0.057728637009859085,-0.07088509202003479,0.7352926731109619
0.1943860799074173,-0.008268247358500957,0.7657151818275452
0.3128797709941864,-0.9049472212791443,0.5406109094619751
0.433061808347702,-0.4913889765739441,0.5384158492088318
0.5114719271659851,-0.0667593851685524,0.5347436666488647
0.651469349861145,-0.004136258270591497,0.5356007218360901
0.2490355372428894,-1.5214077234268188,0.6376471519470215
0.25084444880485535,-1.5873594284057617,0.6327629685401917
0.30534040927886963,-0.963135838508606,0.641399621963501
0.28955262899398804,-1.1748508214950562,0.6493858098983765
0.2628675699234009,-1.3150554895401,0.6509199142456055
0.23915378749370575,-1.4555879831314087,0.6467651724815369
0.2216976433992386,-1.3882125616073608,0.727766752243042
0.28302809596061707,-1.3986111879348755,0.8521239757537842
0.5148670673370361,-1.3262360095977783,0.8233726024627686
0.75711590051651,-1.287290334701538,0.7515331506729126
0.8403566479682922,-1.2883681058883667,0.6979219317436218
0.0,0.0,0.0
0.0,0.0,0.0
0.1818842589855194,-1.3777551651000977,0.60129314661026
0.14939624071121216,-1.372233510017395,0.4662068486213684
0.09064193814992905,-1.1436530351638794,0.40207383036613464
0.33628371357917786,-1.0946111679077148,0.4532327651977539
0.43481382727622986,-1.0848051309585571,0.45314061641693115
0.0,0.0,0.0
0.0,0.0,0.0
0.3068905472755432,-0.896223247051239,0.7368800044059753
0.19786329567432404,-0.4795910716056824,0.7399976253509521
0.05754178389906883,-0.0712255910038948,0.7355988025665283
0.1941680908203125,-0.008607188239693642,0.7661579251289368
0.3125607371330261,-0.9050711393356323,0.5405406951904297
0.43073686957359314,-0.49093765020370483,0.5379238724708557
0.51127690076828,-0.06670323759317398,0.5347119569778442
0.651276707649231,-0.004080001264810562,0.5349242091178894
0.2525530159473419,-1.5209734439849854,0.6371408700942993
0.25445276498794556,-1.5868265628814697,0.6310978531837463
0.30701398849487305,-0.9624907970428467,0.6424588561058044
0.2923155426979065,-1.1742675304412842,0.6509861350059509
0.2664983570575714,-1.3146343231201172,0.6525413393974304
0.24343882501125336,-1.455238938331604,0.6472874879837036
0.2305179089307785,-1.389435052871704,0.7304040789604187
0.29933780431747437,-1.4031717777252197,0.8504433035850525
0.5336247086524963,-1.3500192165374756,0.8046333193778992
0.7789410948753357,-1.2979859113693237,0.7548878788948059
0.8657390475273132,-1.2905980348587036,0.707814633846283
0.0,0.0,0.0
0.0,0.0,0.0
0.18303866684436798,-1.3770291805267334,0.6067842841148376
0.14419040083885193,-1.3720322847366333,0.47336718440055847
0.05931733921170235,-1.1482266187667847,0.42315050959587097
0.3058970272541046,-1.0837756395339966,0.443319171667099
0.4012549817562103,-1.0972636938095093,0.4203132390975952
0.0,0.0,0.0
0.0,0.0,0.0
0.3117142617702484,-0.8953835368156433,0.7376991510391235
0.20063386857509613,-0.4792921245098114,0.7405425310134888
0.05814316123723984,-0.07168213278055191,0.7358132600784302
0.1947459876537323,-0.009060936979949474,0.7664712071418762
0.31050941348075867,-0.90460604429245,0.5412989854812622
0.4292634427547455,-0.49064019322395325,0.5383532047271729
0.5114904046058655,-0.0667298212647438,0.5351014733314514
0.6514903903007507,-0.004106632433831692,0.5350341200828552
0.25663021206855774,-1.5203452110290527,0.6356872320175171
0.25856372714042664,-1.586065649986267,0.6283491849899292
0.30854228138923645,-0.9612700939178467,0.6441113352775574
0.2953284680843353,-1.1731477975845337,0.6526198387145996
0.27048781514167786,-1.3136937618255615,0.653879702091217
0.2480352371931076,-1.4543406963348389,0.6472989320755005
0.2395869344472885,-1.390197515487671,0.7322677373886108
0.31463637948036194,-1.4071729183197021,0.8480852246284485
0.5491357445716858,-1.359955072402954,0.7971473336219788
0.7948336005210876,-1.3139196634292603,0.743523359298706
0.8787634372711182,-1.3009878396987915,0.692602813243866
0.0,0.0,0.0
0.0,0.0,0.0
0.18488524854183197,-1.375832438468933,0.6118874549865723
0.13966529071331024,-1.371295690536499,0.4804764986038208
0.02584218978881836,-1.1576296091079712,0.445760041475296
0.2677291929721832,-1.0750460624694824,0.45149117708206177
0.35982996225357056,-1.0619630813598633,0.4175703823566437
0.0,0.0,0.0
0.0,0.0,0.0
0.3170643150806427,-0.8941352963447571,0.7390665411949158
0.20332983136177063,-0.47875845432281494,0.741425096988678
0.05804264545440674,-0.07214394211769104,0.7361205220222473
0.1946527510881424,-0.009523316286504269,0.7667472958564758
0.3073667883872986,-0.9033763408660889,0.5429030656814575
0.43180251121520996,-0.4910849332809448,0.5396592617034912
0.5118105411529541,-0.06675927340984344,0.5353817939758301
0.6518093943595886,-0.004136034287512302,0.5347974300384521
0.2609303891658783,-1.519120693206787,0.6337091326713562
0.2628401517868042,-1.5846766233444214,0.6250185370445251
0.3104218542575836,-0.9604372382164001,0.646096408367157
0.2986622154712677,-1.172411322593689,0.6543206572532654
0.27465376257896423,-1.3131049871444702,0.6551505923271179
0.2525888979434967,-1.4537465572357178,0.6472713351249695
0.24805068969726562,-1.3911006450653076,0.7336446046829224
0.3277762234210968,-1.410812497138977,0.8458478450775146
0.5623611807823181,-1.3641016483306885,0.7948364615440369
0.8078789114952087,-1.3184572458267212,0.7400651574134827
0.8879801630973816,-1.2941677570343018,0.6871674656867981
0.0,0.0,0.0
0.0,0.0,0.0
0.18737871944904327,-1.3750126361846924,0.6163836717605591
0.1363670378923416,-1.3706034421920776,0.4871062934398651
0.007041694596409798,-1.164293885231018,0.46418270468711853
0.25418007373809814,-1.0988388061523438,0.4634833037853241
0.34365034103393555,-1.0881879329681396,0.422422856092453
0.0,0.0,0.0
0.0,0.0,0.0
0.3228166103363037,-0.893309473991394,0.7406290769577026
0.20647583901882172,-0.47865188121795654,0.742342472076416
0.058601755648851395,-0.0729813426733017,0.7362968325614929
0.19507670402526855,-0.010156947188079357,0.7671083807945251
0.3044798672199249,-0.9024989008903503,0.5450814366340637
0.43163034319877625,-0.49104443192481995,0.5409660935401917
0.511733889579773,-0.06674660742282867,0.5358036160469055
0.6517329812049866,-0.004123412538319826,0.5353118181228638
0.2651103138923645,-1.5182121992111206,0.6319480538368225
0.2669066786766052,-1.5835994482040405,0.6220476031303406
0.3113366961479187,-0.9600279331207275,0.6479654312133789
0.3008660674095154,-1.172084927558899,0.6558128595352173
0.2776045799255371,-1.3129053115844727,0.6563249230384827
0.255929559469223,-1.453552484512329,0.6475194096565247
0.25420597195625305,-1.3919788599014282,0.7347612380981445
0.33710697293281555,-1.4134594202041626,0.8443071246147156
0.5731703639030457,-1.3672311305999756,0.80013507604599
0.8177763223648071,-1.3237535953521729,0.739803671836853
0.8961094617843628,-1.2955776453018188,0.6861905455589294
0.0,0.0,0.0
0.0,0.0,0.0
0.18928317725658417,-1.374786138534546,0.61995929479599
0.13360343873500824,-1.370430588722229,0.4926208555698395
0.0002442380355205387,-1.1663627624511719,0.4729783535003662
0.24782231450080872,-1.1028084754943848,0.4676687717437744
0.3315551280975342,-1.0900388956069946,0.4163843095302582
0.0,0.0,0.0
0.0,0.0,0.0
0.32683536410331726,-0.8930317163467407,0.742132842540741
0.20889735221862793,-0.4788270890712738,0.7441708445549011
0.059799790382385254,-0.07359817624092102,0.7385780811309814
0.19650711119174957,-0.010753446258604527,0.7682988047599792
0.3015018701553345,-0.9019178152084351,0.5473539233207703
0.42853865027427673,-0.49044445157051086,0.5418539643287659
0.5117539763450623,-0.06675843149423599,0.5357572436332703
0.6517522931098938,-0.004135242663323879,0.5350685119628906
0.2681937515735626,-1.5177634954452515,0.6309676766395569
0.2699391841888428,-1.5830163955688477,0.6202083826065063
0.3118705451488495,-0.9596164226531982,0.6497071385383606
0.3024500012397766,-1.1717309951782227,0.6573444604873657
0.27981075644493103,-1.3126534223556519,0.6576822400093079
0.2585310935974121,-1.45332670211792,0.6483428478240967
0.25839129090309143,-1.3923695087432861,0.7360334992408752
0.3431781828403473,-1.4147452116012573,0.8439446091651917
0.5785776972770691,-1.3685119152069092,0.7963669896125793
0.8242290019989014,-1.3227269649505615,0.7423169612884521
0.9028645157814026,-1.2924457788467407,0.6903184056282043
0.0,0.0,0.0
0.0,0.0,0.0
0.1909978836774826,-1.3746535778045654,0.6227447986602783
0.13207782804965973,-1.370396614074707,0.4968695044517517
-0.0011691764229908586,-1.1656880378723145,0.4844706058502197
0.24612408876419067,-1.1024264097213745,0.4701105058193207
0.33008450269699097,-1.0928887128829956,0.41849642992019653
0.0,0.0,0.0
0.0,0.0,0.0
0.32927757501602173,-0.8926514387130737,0.7435628175735474
0.2105480283498764,-0.4786716401576996,0.7453101277351379
0.060451310127973557,-0.07381519675254822,0.7394691109657288
0.19717885553836823,-0.010765624232590199,0.7686581015586853
0.29948562383651733,-0.9014474749565125,0.5494117736816406
0.4267812967300415,-0.49006956815719604,0.5428471565246582
0.5118076801300049,-0.06675805151462555,0.5357933044433594
0.6518062353134155,-0.004134851507842541,0.5351614356040955
0.27070704102516174,-1.517368197441101,0.6310848593711853
0.27249279618263245,-1.5825366973876953,0.6198316216468811
0.31223317980766296,-0.9592475891113281,0.6511918902397156
0.3036772906780243,-1.1713953018188477,0.6588947176933289
0.2815631926059723,-1.3124011754989624,0.6591800451278687
0.26070424914360046,-1.4531224966049194,0.6496183276176453
0.2611022889614105,-1.3924164772033691,0.7374823689460754
0.3468261957168579,-1.4150724411010742,0.8445916175842285
0.5816011428833008,-1.367478847503662,0.7952994108200073
0.8273190259933472,-1.3199115991592407,0.7431233525276184
0.9073808789253235,-1.2922377586364746,0.6918535232543945
0.0,0.0,0.0
0.0,0.0,0.0
0.19267398118972778,-1.3746188879013062,0.6248286366462708
0.1318407654762268,-1.370585560798645,0.49985936284065247
-0.0010421498445793986,-1.1653721332550049,0.49325013160705566
0.24650059640407562,-1.1046099662780762,0.47343114018440247
0.3310532569885254,-1.0948429107666016,0.4228367507457733
0.0,0.0,0.0
0.0,0.0,0.0
0.3302813768386841,-0.8921085000038147,0.7448016405105591
0.21096308529376984,-0.4782957136631012,0.7458698749542236
0.06034622713923454,-0.07364334166049957,0.7393225431442261
0.1971902996301651,-0.010879111476242542,0.7685802578926086
0.29867130517959595,-0.9012423157691956,0.5509539842605591
0.4258859157562256,-0.48985129594802856,0.5436817407608032
0.5118858218193054,-0.06674939393997192,0.5358965992927551
0.6518844366073608,-0.00412616366520524,0.5352880954742432
0.272958904504776,-1.5170705318450928,0.6320717930793762
0.27487945556640625,-1.5821998119354248,0.6206157803535461
0.31249678134918213,-0.9591602683067322,0.6522669792175293
0.3046754002571106,-1.1713271141052246,0.6602001786231995
0.2830369174480438,-1.3124066591262817,0.660568356513977
0.26263582706451416,-1.4531984329223633,0.6510563492774963
0.26289618015289307,-1.3924695253372192,0.7389050126075745
0.3489854633808136,-1.4149973392486572,0.8457478880882263
0.5834702253341675,-1.3655599355697632,0.796890914440155
0.8288670778274536,-1.3157857656478882,0.7452659606933594
0.9098865985870361,-1.292118787765503,0.693496823310852
0.0,0.0,0.0
0.0,0.0,0.0
0.19432906806468964,-1.3749260902404785,0.626295804977417
0.1325324922800064,-1.3713104724884033,0.5017872452735901
0.0001630361657589674,-1.1657299995422363,0.49639296531677246
0.2476099580526352,-1.1055489778518677,0.4737977981567383
0.33121058344841003,-1.094709038734436,0.42185765504837036
0.0,0.0,0.0
0.0,0.0,0.0
0.33014699816703796,-0.8918209075927734,0.7458087801933289
0.2056780755519867,-0.4795287549495697,0.7470934987068176
0.05493658408522606,-0.07493370026350021,0.7399009466171265
0.19180560111999512,-0.012202546000480652,0.7691128849983215
0.2988947331905365,-0.9013496041297913,0.5519221425056458
0.42509302496910095,-0.48965567350387573,0.5440994501113892
0.5120237469673157,-0.06675466150045395,0.535753071308136
0.6520228385925293,-0.004131408873945475,0.5352680683135986
0.27508896589279175,-1.5171101093292236,0.633516788482666
0.2772163450717926,-1.5822354555130005,0.6220754384994507
0.312360942363739,-0.9594084620475769,0.6530508995056152
0.30522727966308594,-1.1715874671936035,0.6612893342971802
0.2840800881385803,-1.3127411603927612,0.6617531180381775
0.26421692967414856,-1.4536176919937134,0.6523562669754028
0.2639938294887543,-1.3927791118621826,0.740129292011261
0.3501804769039154,-1.4149928092956543,0.8469595313072205
0.5846289992332458,-1.3641636371612549,0.79937344789505
0.8296524882316589,-1.3136975765228271,0.7466578483581543
0.9110978245735168,-1.2935113906860352,0.6940886974334717
0.0,0.0,0.0
0.0,0.0,0.0
0.19570223987102509,-1.3756238222122192,0.6272931098937988
0.13350951671600342,-1.3725053071975708,0.5029684901237488
0.002477852161973715,-1.166128396987915,0.49565860629081726
0.25011852383613586,-1.1059207916259766,0.4753760099411011
0.3354453146457672,-1.0959302186965942,0.42614322900772095
0.0,0.0,0.0
0.0,0.0,0.0
0.32897600531578064,-0.8918265104293823,0.7466073036193848
0.2089667022228241,-0.47821223735809326,0.746534526348114
0.058768436312675476,-0.07342705130577087,0.7387049198150635
0.19569098949432373,-0.010799165815114975,0.767887532711029
0.2994007170200348,-0.9018398523330688,0.5524821877479553
0.42032119631767273,-0.4885721504688263,0.5442927479743958
0.511908233165741,-0.06664357334375381,0.536549985408783
0.6519070863723755,-0.004020449239760637,0.5359920859336853
0.2769537568092346,-1.5175055265426636,0.63493412733078
0.27935096621513367,-1.5826369524002075,0.623580813407898
0.3121940791606903,-0.9595339894294739,0.6535195708274841
0.3056645393371582,-1.1717250347137451,0.6619668006896973
0.284973680973053,-1.3129459619522095,0.6625391244888306
0.26563191413879395,-1.4539061784744263,0.653315544128418
0.2648746073246002,-1.3929167985916138,0.7409805059432983
0.35109493136405945,-1.4147220849990845,0.8478676080703735
0.5856562852859497,-1.3632729053497314,0.8015202879905701
0.830315887928009,-1.3134125471115112,0.7465853095054626
0.9119794964790344,-1.2935830354690552,0.6942195892333984
0.0,0.0,0.0
0.0,0.0,0.0
0.19694137573242188,-1.376193642616272,0.6278635263442993
0.13462653756141663,-1.3736101388931274,0.5035877823829651
0.004371830262243748,-1.1667797565460205,0.495279461145401
0.2517135441303253,-1.1056641340255737,0.4740854799747467
0.3371501564979553,-1.094980001449585,0.42518991231918335
0.0,0.0,0.0
0.0,0.0,0.0
0.3275865912437439,-0.8918365240097046,0.7472015023231506
0.20897282660007477,-0.47782015800476074,0.7466251850128174
0.0592014342546463,-0.07288311421871185,0.7384750843048096
0.19613544642925262,-0.01026094052940607,0.7676161527633667
0.30012691020965576,-0.9020745158195496,0.5527775287628174
0.42095333337783813,-0.48878031969070435,0.5445351004600525
0.512252688407898,-0.06678894907236099,0.5368183255195618
0.652251124382019,-0.004165713209658861,0.5361613631248474
0.27865350246429443,-1.51777982711792,0.6360523104667664
0.28131750226020813,-1.582922101020813,0.6248219013214111
0.3121580481529236,-0.9596839547157288,0.6538158059120178
0.3061472177505493,-1.1718882322311401,0.6623283624649048
0.28585514426231384,-1.3131667375564575,0.6629501581192017
0.2669796347618103,-1.4541993141174316,0.6538668870925903
0.2657633125782013,-1.3930891752243042,0.7414426207542419
0.3520345985889435,-1.4144947528839111,0.8483694195747375
0.5863939523696899,-1.3628727197647095,0.8011995553970337
0.8310763835906982,-1.3123383522033691,0.746986448764801
0.9124645590782166,-1.2902255058288574,0.6951085329055786
0.0,0.0,0.0
0.0,0.0,0.0
0.19812671840190887,-1.3767365217208862,0.628093957901001
0.13582701981067657,-1.3746280670166016,0.5038016438484192
0.006278101820498705,-1.1673628091812134,0.49529826641082764
0.2542075216770172,-1.1075553894042969,0.4775128960609436
0.3394779860973358,-1.0970585346221924,0.4282878041267395
0.0,0.0,0.0
0.0,0.0,0.0
0.32647207379341125,-0.8919398784637451,0.747635006904602
0.20865941047668457,-0.4776952564716339,0.7468697428703308
0.05932131037116051,-0.07260174304246902,0.73855060338974
0.19623303413391113,-0.009979267604649067,0.7677955627441406
0.30088478326797485,-0.9022624492645264,0.552960216999054
0.4213561415672302,-0.48886799812316895,0.5445506572723389
0.5121970772743225,-0.0667811706662178,0.5366431474685669
0.65219646692276,-0.004157935734838247,0.5362476110458374
0.28025251626968384,-1.5180562734603882,0.6367341876029968
0.2831532955169678,-1.5832058191299438,0.6256041526794434
0.3122381269931793,-0.9598655700683594,0.6539853811264038
0.3066394329071045,-1.1720861196517944,0.6623865962028503
0.28665855526924133,-1.3134088516235352,0.6630173325538635
0.2681494653224945,-1.4544984102249146,0.6540648937225342
0.26660385727882385,-1.3932868242263794,0.7415646314620972
0.35295459628105164,-1.4143351316452026,0.8484982252120972
0.5871328115463257,-1.3623875379562378,0.8007891774177551
0.8318119049072266,-1.3111121654510498,0.7472614049911499
0.9128881096839905,-1.2876943349838257,0.6954676508903503
0.0,0.0,0.0
0.0,0.0,0.0
0.1991584300994873,-1.3772367238998413,0.628058910369873
0.13693708181381226,-1.375554084777832,0.5037208795547485
0.006904894486069679,-1.1685985326766968,0.49505195021629333
0.2548719048500061,-1.1089614629745483,0.477218896150589
0.3403707444667816,-1.0986332893371582,0.4283556640148163
0.0,0.0,0.0
0.0,0.0,0.0
0.3257943391799927,-0.892181932926178,0.7479606866836548
0.20858274400234222,-0.47776731848716736,0.7469642162322998
0.05959555134177208,-0.07254871726036072,0.7384432554244995
0.1964682787656784,-0.009926467202603817,0.7678708434104919
0.3014933168888092,-0.9023704528808594,0.5531140565872192
0.42160823941230774,-0.4888744354248047,0.5445988774299622
0.5121324062347412,-0.06672200560569763,0.5365599989891052
0.6521323919296265,-0.004098850768059492,0.5364927649497986
0.2816146910190582,-1.5183429718017578,0.6370360255241394
0.28469884395599365,-1.583498477935791,0.6259902119636536
0.3123728930950165,-0.9600979685783386,0.6540943384170532
0.3071011006832123,-1.1723352670669556,0.6622769236564636
0.2873563766479492,-1.31369149684906,0.6628587245941162
0.26912635564804077,-1.4548224210739136,0.6539851427078247
0.2673613727092743,-1.3935517072677612,0.7414392828941345
0.35378721356391907,-1.4143493175506592,0.8483612537384033
0.5879197120666504,-1.3619657754898071,0.8009052276611328
0.83247309923172,-1.3105605840682983,0.7469293475151062
0.9134366512298584,-1.287556529045105,0.6947752237319946
0.0,0.0,0.0
0.0,0.0,0.0
0.20001903176307678,-1.3777107000350952,0.6278430223464966
0.13790567219257355,-1.3763904571533203,0.5034465789794922
0.007456881459802389,-1.1697062253952026,0.49456608295440674
0.2558611035346985,-1.1112971305847168,0.4788837730884552
0.3412507176399231,-1.1017909049987793,0.4296640157699585
0.0,0.0,0.0
0.0,0.0,0.0
0.32551950216293335,-0.8924948573112488,0.7481856942176819
0.208480566740036,-0.47803211212158203,0.7469509840011597
0.05974254012107849,-0.07272640615701675,0.7382238507270813
0.19662441313266754,-0.010104704648256302,0.7676097750663757
0.3018473982810974,-0.9025103449821472,0.553252637386322
0.4218197464942932,-0.48897621035575867,0.5445818901062012
0.5121414065361023,-0.06678349524736404,0.5363860130310059
0.6521413922309875,-0.004160319920629263,0.5363186597824097
0.28273308277130127,-1.518653392791748,0.6370174884796143
0.28595420718193054,-1.5838106870651245,0.6260217428207397
0.31256332993507385,-0.9601990580558777,0.6541919112205505
0.3075534999370575,-1.172451138496399,0.6621299982070923
0.28798505663871765,-1.3138322830200195,0.662618100643158
0.26996105909347534,-1.4549905061721802,0.6537590026855469
0.2680620849132538,-1.393707513809204,0.7412017583847046
0.3545371890068054,-1.4144015312194824,0.8481040596961975
0.58870929479599,-1.3621420860290527,0.8007063865661621
0.8331701755523682,-1.3112531900405884,0.7458292841911316
0.9142391085624695,-1.2891263961791992,0.6934597492218018
0.0,0.0,0.0
0.0,0.0,0.0
0.20075777173042297,-1.3779820203781128,0.6275668740272522
0.13874179124832153,-1.376957654953003,0.5031190514564514
0.007828280329704285,-1.1705766916275024,0.494023859500885
0.2562498450279236,-1.1123547554016113,0.47792425751686096
0.3425275385379791,-1.103042721748352,0.43024003505706787
0.0,0.0,0.0
0.0,0.0,0.0
0.32558175921440125,-0.8926453590393066,0.7483365535736084
0.20854409039020538,-0.4781826436519623,0.7469906806945801
0.05988089740276337,-0.07285229116678238,0.7381336688995361
0.19672012329101562,-0.010154453106224537,0.7675560116767883
0.30200228095054626,-0.9025537967681885,0.5533868670463562
0.42185109853744507,-0.48898589611053467,0.5446168780326843
0.5120876431465149,-0.06677739322185516,0.5362984538078308
0.6520876288414001,-0.004154263995587826,0.5362311601638794
0.28366783261299133,-1.518804669380188,0.6368095874786377
0.2869877219200134,-1.5839593410491943,0.6258267164230347
0.3129369616508484,-0.9603009819984436,0.6541935205459595
0.3081294000148773,-1.1725658178329468,0.6618964672088623
0.28867870569229126,-1.3139634132385254,0.6623193025588989
0.27077600359916687,-1.4551386833190918,0.6534847021102905
0.26882800459861755,-1.3938425779342651,0.7409172654151917
0.3553355038166046,-1.4145580530166626,0.8477891087532043
0.5895618200302124,-1.3627924919128418,0.8001185059547424
0.8340219855308533,-1.3125131130218506,0.744679868221283
0.9152644872665405,-1.2907487154006958,0.6924275159835815
0.0,0.0,0.0
0.0,0.0,0.0
0.20150524377822876,-1.3781940937042236,0.6272826194763184
0.1395212709903717,-1.3774268627166748,0.5028170347213745
0.008501650765538216,-1.1711329221725464,0.4932876229286194
0.25702574849128723,-1.1129188537597656,0.4788268208503723
0.34338274598121643,-1.104514241218567,0.43111759424209595
0.0,0.0,0.0
0.0,0.0,0.0
0.32600852847099304,-0.8928279280662537,0.7483885884284973
0.20871339738368988,-0.4784381091594696,0.7469980120658875
0.05995145067572594,-0.07314537465572357,0.7380775809288025
0.19670970737934113,-0.010240345261991024,0.7674341201782227
0.3021952509880066,-0.9025663137435913,0.5534587502479553
0.42194220423698425,-0.48896026611328125,0.5451098084449768
0.5121171474456787,-0.06673016399145126,0.5372344851493835
0.652117133140564,-0.004107004962861538,0.5371671915054321
0.28453707695007324,-1.5189439058303833,0.6365454792976379
0.28791266679763794,-1.5840972661972046,0.6255733966827393
0.3133489787578583,-0.9601647257804871,0.6541232466697693
0.30872002243995667,-1.1724379062652588,0.6616829037666321
0.2893659770488739,-1.3138489723205566,0.6620519161224365
0.27155181765556335,-1.4550349712371826,0.6532122492790222
0.2696051299571991,-1.3937485218048096,0.7406516075134277
0.3561449348926544,-1.414609432220459,0.8474690914154053
0.5904605388641357,-1.3636960983276367,0.7993215918540955
0.8350862860679626,-1.3141450881958008,0.7439570426940918
0.9161257743835449,-1.291507363319397,0.6917605400085449
0.0,0.0,0.0
0.0,0.0,0.0
0.20221807062625885,-1.3781335353851318,0.6270505785942078
0.14017078280448914,-1.3775242567062378,0.5026156902313232
0.0090803112834692,-1.171303629875183,0.49249130487442017
0.257449209690094,-1.1124963760375977,0.4777660369873047
0.34394174814224243,-1.1041871309280396,0.43028613924980164
0.0,0.0,0.0
0.0,0.0,0.0
0.3265403211116791,-0.8927104473114014,0.748315155506134
0.20846465229988098,-0.478542298078537,0.7469423413276672
0.05953136831521988,-0.07331478595733643,0.7379194498062134
0.1963334083557129,-0.010634547099471092,0.7675514817237854
0.30237025022506714,-0.9024072289466858,0.5534271001815796
0.4236399829387665,-0.4892423152923584,0.5452147126197815
0.5121891498565674,-0.0666748508810997,0.5369922518730164
0.6521890759468079,-0.004051710944622755,0.5369250178337097
0.28534671664237976,-1.518829584121704,0.6362603306770325
0.28875988721847534,-1.583979845046997,0.6252804398536682
0.3138760030269623,-0.9601227045059204,0.6539402604103088
0.3093857169151306,-1.172399878501892,0.6614514589309692
0.2900879681110382,-1.3138185739517212,0.661820113658905
0.27230018377304077,-1.4550092220306396,0.6530017852783203
0.27042052149772644,-1.3937206268310547,0.7404409050941467
0.3570087254047394,-1.414800763130188,0.8471760153770447
0.5914257168769836,-1.3645093441009521,0.7988687753677368
0.8361464738845825,-1.3156193494796753,0.7433376312255859
0.9169729948043823,-1.2930078506469727,0.6908008456230164
0.0,0.0,0.0
0.0,0.0,0.0
0.20292304456233978,-1.3781256675720215,0.6269025802612305
0.14068982005119324,-1.3775758743286133,0.5025603175163269
0.009466406889259815,-1.1714767217636108,0.4917137026786804
0.2576437294483185,-1.1118806600570679,0.4769294261932373
0.3439160883426666,-1.103480577468872,0.42906653881073
0.0,0.0,0.0
0.0,0.0,0.0
0.3272019624710083,-0.8926677107810974,0.748112678527832
0.20931033790111542,-0.47844699025154114,0.7467782497406006
0.060108549892902374,-0.07331623136997223,0.7378472089767456
0.19683940708637238,-0.010502958670258522,0.767525851726532
0.3026674687862396,-0.9023638963699341,0.553270161151886
0.4259747266769409,-0.48979583382606506,0.545397937297821
0.5120670795440674,-0.06672821938991547,0.5368098616600037
0.6520670652389526,-0.004105030559003353,0.5367425680160522
0.2860948443412781,-1.5188008546829224,0.6360388994216919
0.2895137071609497,-1.5839506387710571,0.6250578761100769
0.31426578760147095,-0.9600094556808472,0.6536698341369629
0.30988776683807373,-1.1722867488861084,0.661226212978363
0.2906281352043152,-1.3137104511260986,0.6616355776786804
0.2728404104709625,-1.4549036026000977,0.6528557538986206
0.271075040102005,-1.3936060667037964,0.740291178226471
0.3577367961406708,-1.414922833442688,0.8469195365905762
0.5922579765319824,-1.3650667667388916,0.7986668944358826
0.8370394706726074,-1.316775918006897,0.7428793907165527
0.917993426322937,-1.2950130701065063,0.6901804804801941
0.0,0.0,0.0
0.0,0.0,0.0
0.20342104136943817,-1.378028392791748,0.6268438100814819
0.1408843994140625,-1.377447485923767,0.5026540160179138
0.009567467495799065,-1.1713967323303223,0.49201974272727966
0.2577630281448364,-1.1118927001953125,0.47717198729515076
0.3438783288002014,-1.1031737327575684,0.42908379435539246
0.0,0.0,0.0
0.0,0.0,0.0
0.3277037441730499,-0.8925175666809082,0.7477998733520508
0.20958682894706726,-0.47836050391197205,0.7466628551483154
0.060059770941734314,-0.07334514707326889,0.7379412651062012
0.19681665301322937,-0.010633612051606178,0.7677152156829834
0.3028671443462372,-0.9022886157035828,0.5529993772506714
0.4272625744342804,-0.49004313349723816,0.5453535914421082
0.5122244954109192,-0.06675007939338684,0.5366190671920776
0.6522243618965149,-0.004126841202378273,0.5368140339851379
0.2866172790527344,-1.5186959505081177,0.6358805298805237
0.2900266945362091,-1.5838463306427002,0.6249014139175415
0.314552366733551,-0.9599166512489319,0.653346061706543
0.3102510869503021,-1.17219078540802,0.6610158085823059
0.29100480675697327,-1.3136162757873535,0.6614935994148254
0.27318647503852844,-1.4548089504241943,0.6527671813964844
0.27157753705978394,-1.3934969902038574,0.7401955723762512
0.3583340644836426,-1.4150255918502808,0.8467043042182922
0.5929037928581238,-1.365452527999878,0.7983958721160889
0.8376992344856262,-1.3175548315048218,0.7423311471939087
0.9190632700920105,-1.2963001728057861,0.6900580525398254
0.0,0.0,0.0
0.0,0.0,0.0
0.20373119413852692,-1.3779302835464478,0.626861572265625
0.14080345630645752,-1.3772581815719604,0.5028699040412903
0.009889723733067513,-1.1709357500076294,0.49253731966018677
0.2580356001853943,-1.11136794090271,0.4771248698234558
0.3444417119026184,-1.102474331855774,0.4295935332775116
0.0,0.0,0.0
0.0,0.0,0.0
0.3280906677246094,-0.8923540711402893,0.7474109530448914
0.20978671312332153,-0.47824975848197937,0.7465012073516846
0.05996786430478096,-0.07333698868751526,0.7380282282829285
0.1966523379087448,-0.010431275703012943,0.7677249908447266
0.3029972314834595,-0.9022701978683472,0.5526507496833801
0.42800745368003845,-0.49020591378211975,0.5452677011489868
0.5121883749961853,-0.06675553321838379,0.5365986824035645
0.652188241481781,-0.004132324829697609,0.536779522895813
0.2869272232055664,-1.5186054706573486,0.6357787251472473
0.29031065106391907,-1.583757996559143,0.6248043775558472
0.31484103202819824,-0.959860622882843,0.652981162071228
0.3105555772781372,-1.1721296310424805,0.6607818007469177
0.2912740111351013,-1.3135498762130737,0.6613611578941345
0.27336758375167847,-1.4547370672225952,0.6527271866798401
0.2719612121582031,-1.3933888673782349,0.7401336431503296
0.35883185267448425,-1.415064811706543,0.8465193510055542
0.5934785008430481,-1.365852952003479,0.7982151508331299
0.8383675217628479,-1.3182713985443115,0.7422899603843689
0.919258177280426,-1.2965285778045654,0.6894857287406921
0.0,0.0,0.0
0.0,0.0,0.0
0.20390017330646515,-1.3778339624404907,0.6269267797470093
0.140533909201622,-1.3770673274993896,0.50315922498703
0.010324893519282341,-1.1702735424041748,0.4933573305606842
0.2583779990673065,-1.1107453107833862,0.47637760639190674
0.34499797224998474,-1.102172613143921,0.4291777014732361
0.0,0.0,0.0
0.0,0.0,0.0
0.32849448919296265,-0.8922430872917175,0.746989905834198
0.2100076973438263,-0.47819069027900696,0.7462453246116638
0.0599207729101181,-0.07337357103824615,0.7379429936408997
0.1966361552476883,-0.010595455765724182,0.7677671909332275
0.3031492531299591,-0.9022728204727173,0.5522680878639221
0.42876365780830383,-0.49038806557655334,0.5451242923736572
0.512044370174408,-0.06675916165113449,0.5364782810211182
0.6520442962646484,-0.004135867580771446,0.5366494059562683
0.28704288601875305,-1.5185472965240479,0.6357377767562866
0.29037201404571533,-1.5837061405181885,0.6247832775115967
0.31503015756607056,-0.9598718285560608,0.652643620967865
0.31072112917900085,-1.172134518623352,0.6605789661407471
0.2913828194141388,-1.3135466575622559,0.6612462401390076
0.2733738422393799,-1.454725742340088,0.6526937484741211
0.2721804082393646,-1.3933488130569458,0.7400831580162048
0.3591848313808441,-1.4150974750518799,0.8463446497917175
0.5938040614128113,-1.3663703203201294,0.7974199652671814
0.8388245105743408,-1.3188077211380005,0.7420574426651001
0.9196120500564575,-1.2967532873153687,0.6892246007919312
0.0,0.0,0.0
0.0,0.0,0.0
0.20390112698078156,-1.3777891397476196,0.6270084381103516
0.14010193943977356,-1.3769407272338867,0.5034640431404114
0.01031393650919199,-1.1698482036590576,0.49441441893577576
0.2584144175052643,-1.1109200716018677,0.4760875403881073
0.34547755122184753,-1.1028516292572021,0.42961981892585754
0.0,0.0,0.0
0.0,0.0,0.0
0.3288104236125946,-0.8921741247177124,0.7465760707855225
0.20987199246883392,-0.4782509505748749,0.7460547089576721
0.05963731184601784,-0.07348515093326569,0.7379271388053894
0.19634521007537842,-0.010665369220077991,0.7676978707313538
0.3032119572162628,-0.9023701548576355,0.5518960952758789
0.42782941460609436,-0.49018001556396484,0.5449114441871643
0.5121727585792542,-0.06675198674201965,0.5367428660392761
0.6521725058555603,-0.0041288151405751705,0.5369954705238342
0.2869764268398285,-1.5185496807098389,0.6356974244117737
0.2902441620826721,-1.5837138891220093,0.6247572302818298
0.31508001685142517,-0.9598677754402161,0.6523171067237854
0.31069859862327576,-1.1721251010894775,0.6603437662124634
0.29128095507621765,-1.313525915145874,0.6611038446426392
0.2731579542160034,-1.454696536064148,0.6526560187339783
0.27217674255371094,-1.3932759761810303,0.740017294883728
0.3593359589576721,-1.4150049686431885,0.8461558818817139
0.5939939022064209,-1.36650550365448,0.7971907258033752
0.8390495181083679,-1.31919264793396,0.7417701482772827
0.9199056029319763,-1.2967818975448608,0.6891927719116211
0.0,0.0,0.0
0.0,0.0,0.0
0.20368854701519012,-1.3777246475219727,0.6270678639411926
0.13949458301067352,-1.3768590688705444,0.5037282705307007
0.010199112817645073,-1.1694309711456299,0.4953362047672272
0.2583499252796173,-1.111029863357544,0.47603073716163635
0.3447684049606323,-1.1033884286880493,0.4283044934272766
0.0,0.0,0.0
0.0,0.0,0.0
0.32898813486099243,-0.8921341300010681,0.7462047934532166
0.21007725596427917,-0.47820281982421875,0.7458978295326233
0.05987733229994774,-0.07342026382684708,0.7379647493362427
0.19658663868904114,-0.010598096996545792,0.7677239179611206
0.30316630005836487,-0.9024057388305664,0.551558256149292
0.42802655696868896,-0.49028465151786804,0.5448381304740906
0.5121138095855713,-0.06680173426866531,0.5368748903274536
0.6521136164665222,-0.004178454168140888,0.5371348261833191
0.28668341040611267,-1.518538236618042,0.635664701461792
0.28988486528396606,-1.5837103128433228,0.6247503757476807
0.3150780498981476,-0.9598638415336609,0.651982843875885
0.3105713725090027,-1.1721175909042358,0.6600391268730164
0.29105544090270996,-1.3135042190551758,0.6609026193618774
0.2728157043457031,-1.454668402671814,0.6525954008102417
0.27202531695365906,-1.3931788206100464,0.7399101257324219
0.35934507846832275,-1.4148223400115967,0.8459340929985046
0.5940357446670532,-1.3664990663528442,0.7969514727592468
0.8391359448432922,-1.3193367719650269,0.7415997982025146
0.9197110533714294,-1.297005295753479,0.6885592937469482
0.0,0.0,0.0
0.0,0.0,0.0
0.20335954427719116,-1.3776657581329346,0.6270632743835449
0.13883735239505768,-1.3768624067306519,0.5038946270942688
0.00984377320855856,-1.1692150831222534,0.49632126092910767
0.2578895092010498,-1.1107796430587769,0.47580718994140625
0.34442880749702454,-1.1031757593154907,0.42829442024230957
0.0,0.0,0.0
0.0,0.0,0.0
0.3290960490703583,-0.8921642303466797,0.7458787560462952
0.21045789122581482,-0.47815459966659546,0.7456563711166382
0.06014619395136833,-0.07341156154870987,0.7378254532814026
0.19683702290058136,-0.010649009607732296,0.7677945494651794
0.3031257688999176,-0.9023670554161072,0.5512484312057495
0.42822182178497314,-0.49031734466552734,0.5445379018783569
0.5122808218002319,-0.06682877987623215,0.5365779995918274
0.6522806286811829,-0.004205691162496805,0.5368465781211853
0.2862662971019745,-1.5185332298278809,0.6356314420700073
0.2894020974636078,-1.5837160348892212,0.6247626543045044
