0,0,0
0.13154,0,0.00589821
-0.00593811,-0.00072578,0.00276401
0.0103373,0.00148214,-0.0061028
0.0328808,-0.00242485,0.0227402
0.956606,-0.282548,1.3448
0.440271,-0.14005,0.650475
0.269747,0.0887088,-0.00743737
-0.1037,-0.114712,0.103964
0,0,0
0,0,0
0.0023891,0.00829527,-0.0483655
-0.357368,0.325381,-1.55953
-0.251755,0.156978,-0.69116
0.303744,-0.0621951,-0.30663
-0.257363,0.124649,0.0399048
0,0,0
0,0,0
0.720359,0,1.56201
0.604045,-0.000515011,1.35512
-0.304135,-0.0109865,0.156428
0.614413,0.0167353,-0.340352
-0.574867,0,-1.24653
-0.708502,0.00197086,-1.31895
-0.291458,0.00773354,0.0981726
0.935401,-0.0186607,-0.291888
0.0245204,0.00263454,-0.0110477
1.09739,0.155831,-0.590284
0,0,0
0.0931651,0,0.0200056
-0.0158609,-0.00242373,0.00789672
0.0132242,0.00182557,-0.00477927
0.0442902,0.00132879,0.0282273
1.09861,-0.125128,1.29239
0.40328,-0.11663,0.726238
0.15942,0.0686393,-0.021032
-0.128193,-0.113654,0.10101
0,0,0
0,0,0
0.00316716,0.00454525,-0.0391176
-0.520225,0.226367,-1.6021
-0.314691,0.105453,-0.696328
0.108867,-0.0209181,-0.144548
-0.333341,0.164694,-0.0296286
0,0,0
0,0,0
0.755031,0,1.55893
0.307299,-0.0124071,1.48732
-0.100622,-0.00338276,0.0115206
0.788222,0.00442536,-0.197101
-0.588492,0,-1.21507
-0.990974,0.0105151,-1.11861
-0.0775189,0.00258325,0.0387773
0.960538,-0.041139,-0.52511
0.0234477,0.00413156,-0.0127478
1.3648,0.197723,-0.615534
0,0,0
0.0976161,0,0.018196
-0.0198561,-0.00295634,0.0098429
0.015086,0.00209615,-0.00600059
0.0465174,0.00184734,0.0269787
1.1136,-0.128009,1.29502
0.394634,-0.118164,0.71654
0.163284,0.0707226,-0.021923
-0.098353,-0.0926159,0.0845939
0,0,0
0,0,0
0.00455623,0.00469413,-0.041825
-0.529859,0.225683,-1.59699
-0.31876,0.105174,-0.691665
0.107202,-0.0213609,-0.144818
-0.354956,0.174534,-0.019275
0,0,0
0,0,0
0.747332,0,1.56027
0.304098,-0.0119104,1.49145
-0.102047,-0.00331903,0.0132384
0.817213,0.0046751,-0.211367
-0.584993,0,-1.22134
-0.974174,0.00987243,-1.12673
-0.0863874,0.00283495,0.0423771
0.997526,-0.0399464,-0.523442
0.0234232,0.0039899,-0.0128577
1.35249,0.189217,-0.619951
0,0,0
0.0976137,0,0.0181964
-0.0198601,-0.00295694,0.00984481
0.0150835,0.00209582,-0.0059996
0.0465135,0.00184754,0.0269787
1.11361,-0.12797,1.29502
0.394655,-0.118138,0.716525
0.163298,0.0707323,-0.0219317
-0.0982969,-0.0925825,0.0845758
0,0,0
0,0,0
0.00455414,0.0046933,-0.0418233
-0.52984,0.225649,-1.59701
-0.318736,0.105159,-0.691693
0.107219,-0.0213657,-0.14483
-0.354915,0.174528,-0.019357
0,0,0
0,0,0
0.747334,0,1.56027
0.304108,-0.0119102,1.49144
-0.102047,-0.00331902,0.0132382
0.817235,0.0046793,-0.211351
-0.584995,0,-1.22134
-0.97417,0.0098721,-1.12674
-0.086387,0.0028349,0.0423761
0.997509,-0.0399397,-0.523398
0.0234224,0.00398978,-0.0128576
1.35254,0.189244,-0.620039
0,0,0
0.0751382,0,0.0273791
-0.0183549,-0.00290775,0.00821542
0.0282768,0.00460574,-0.0142105
0.0592402,0.00545677,0.0218647
1.1247,-0.134896,1.30241
0.3893,-0.122374,0.711111
0.198023,0.0931915,-0.0419974
-0.0465067,-0.0829763,0.0954572
0,0,0
0,0,0
0.0165712,0.00684507,-0.0593929
-0.45852,0.243514,-1.62962
-0.300194,0.106442,-0.64648
0.189594,-0.0402282,-0.215077
-0.369675,0.18602,-0.0222379
0,0,0
0,0,0
0.693307,0,1.59056
0.184945,-0.0148632,1.48481
-0.0662833,-0.00242586,0.00330767
0.788689,0.0162841,-0.109202
-0.537145,0,-1.23229
-1.01242,0.0131296,-1.11327
-0.0477269,0.00155283,0.0200883
0.85074,-0.0491633,-0.479007
0.0237342,0.00393136,-0.0122316
1.34874,0.206605,-0.646581
0,0,0
0.0749025,0,0.039455
-0.0160412,-0.00286911,0.006885
0.0309587,0.00612989,-0.0208054
0.0570149,0.00710001,0.0148225
1.08704,-0.148021,1.33998
0.309261,-0.123554,0.660744
0.650639,0.300626,-0.0609567
-0.138077,-0.280472,0.354426
0,0,0
0,0,0
0.0193966,0.00866642,-0.0742516
-0.403417,0.234065,-1.62973
-0.332381,0.0996289,-0.605126
0.468019,-0.102361,-0.44044
-0.763931,0.372721,-0.322098
0,0,0
0,0,0
0.66848,0,1.62046
0.126886,-0.0201854,1.43111
-0.0551286,-0.00315716,0.00813669
0.728025,0.0392664,-0.122375
-0.498235,0,-1.20777
-1.05113,0.0187314,-1.14873
-0.036602,0.00143628,0.0181545
0.802331,-0.0509327,-0.51956
0.0239431,0.00386433,-0.0119545
1.3933,0.217937,-0.675466
0,0,0
0.0789899,0,0.0414467
-0.0221253,-0.00385751,0.00865646
0.0322367,0.00611311,-0.0201286
0.0584963,0.00762336,0.016401
1.04873,-0.127003,1.3269
0.358647,-0.121261,0.744985
0.575855,0.230695,-0.0232323
-0.0517323,-0.173392,0.246027
0,0,0
0,0,0
0.0214216,0.00797273,-0.0730309
-0.366777,0.215877,-1.61649
-0.341344,0.0978602,-0.649917
0.473391,-0.0924478,-0.429299
-0.866875,0.449951,-0.59719
0,0,0
0,0,0
0.623134,0,1.63761
0.102893,-0.0190846,1.42394
-0.0624514,-0.00362501,0.00816019
0.713533,0.0401232,-0.100729
-0.465256,0,-1.22271
-1.02689,0.0188662,-1.17094
-0.0370486,0.00138819,0.0146425
0.771404,-0.0543177,-0.460749
0.0240627,0.00386988,-0.0115984
1.42968,0.226008,-0.677386
0,0,0
0.0813135,0,0.0441502
-0.0187637,-0.00337713,0.00748956
0.0234132,0.00500049,-0.0198983
0.0437844,0.00568149,0.0120266
1.03382,-0.122278,1.32806
0.403324,-0.119194,0.797908
0.398548,0.152179,-0.0310183
-0.0426748,-0.147711,0.205655
0,0,0
0,0,0
0.0130587,0.00767423,-0.0766434
-0.408716,0.195623,-1.59986
-0.326191,0.0912365,-0.669776
0.342587,-0.0691543,-0.360631
-0.844494,0.394547,-0.18155
0,0,0
0,0,0
0.633378,0,1.6378
0.106475,-0.0205808,1.427
-0.0608988,-0.00363202,0.00533746
0.738771,0.0381227,-0.0996476
-0.468705,0,-1.21198
-1.02632,0.0196579,-1.16681
-0.0349573,0.00137506,0.0130674
0.710055,-0.0570522,-0.445989
0.0241398,0.00347685,-0.0115568
1.37769,0.202771,-0.673191
0,0,0
0.0829449,0,0.0405141
-0.0193536,-0.0032993,0.00744982
0.0187639,0.00377922,-0.0147719
0.0404905,0.00453043,0.0152658
1.04104,-0.108194,1.32875
0.39499,-0.111792,0.786244
0.394406,0.150219,-0.0162577
-0.069409,-0.138207,0.17452
0,0,0
0,0,0
0.00871981,0.00632983,-0.0663471
-0.427187,0.185928,-1.59725
-0.338337,0.0897612,-0.690528
0.309675,-0.0618589,-0.346676
-0.861965,0.395353,-0.133338
0,0,0
0,0,0
0.610714,0,1.63927
0.092769,-0.0184236,1.43721
-0.0591299,-0.00314739,0.00426471
0.772041,0.0377419,-0.0753056
-0.458913,0,-1.23181
-1.00714,0.017839,-1.17186
-0.0357543,0.00128215,0.0126311
0.746658,-0.0547913,-0.436951
0.0240612,0.00353449,-0.011732
1.40312,0.188213,-0.626848
0,0,0
0.0840541,0,0.0412472
-0.0189915,-0.00322483,0.00714567
0.018016,0.00378835,-0.0160964
0.0375781,0.00424848,0.0131106
1.0316,-0.115404,1.33703
0.400928,-0.115064,0.802306
0.376208,0.139135,-0.0168098
-0.087648,-0.139506,0.169535
0,0,0
0,0,0
0.00775587,0.00660205,-0.0704541
-0.409464,0.183834,-1.60307
-0.340716,0.0890221,-0.680214
0.318673,-0.0675622,-0.347408
-0.85548,0.393222,-0.125
0,0,0
0,0,0
0.596581,0,1.64455
0.0812145,-0.0184557,1.44075
-0.0635829,-0.00333488,0.00240436
0.802925,0.034587,-0.073048
-0.448211,0,-1.23555
-1.01255,0.018376,-1.17805
-0.032579,0.00116006,0.0113908
0.774453,-0.0517858,-0.425895
0.0241226,0.00329984,-0.011612
1.41001,0.174874,-0.62045
0,0,0
0.0780215,0,0.040328
-0.0190658,-0.00324779,0.00723544
0.022542,0.00453834,-0.0181964
0.0433459,0.00521858,0.0134424
1.03184,-0.121756,1.33831
0.394597,-0.120263,0.803284
0.392784,0.146553,-0.0201718
-0.0808125,-0.130068,0.158442
0,0,0
0,0,0
0.0126983,0.00712285,-0.073291
-0.391455,0.195076,-1.61819
-0.314219,0.0905486,-0.665161
0.315978,-0.0678647,-0.334476
-0.812603,0.388825,-0.145105
0,0,0
0,0,0
0.603791,0,1.64054
0.0944289,-0.0178488,1.44341
-0.0716273,-0.00368043,0.00440461
0.800461,0.0349429,-0.082811
-0.45494,0,-1.2361
-1.0175,0.018123,-1.16482
-0.0304836,0.001071,0.0105757
0.775864,-0.0534798,-0.441174
0.0242218,0.00337414,-0.0114267
1.40843,0.182194,-0.620181
0,0,0
0.0827862,0,0.0415196
-0.0189535,-0.00338365,0.00790239
0.0212827,0.00463978,-0.0196728
0.0410933,0.00514735,0.0109958
1.08802,-0.108795,1.29191
0.419802,-0.124686,0.821059
0.388842,0.15098,-0.0559855
-0.0466323,-0.127141,0.177173
0,0,0
0,0,0
0.0100825,0.00744019,-0.0766891
-0.387253,0.191493,-1.62156
-0.317809,0.0896179,-0.666612
0.322273,-0.0705964,-0.323285
-0.839909,0.399113,-0.15522
0,0,0
0,0,0
0.656472,0,1.62625
0.12415,-0.0201759,1.43629
-0.0609398,-0.00348362,0.00865732
0.780636,0.0435057,-0.117505
-0.488354,0,-1.20978
-1.04566,0.0193188,-1.13701
-0.0243152,0.000937595,0.00938664
0.699586,-0.0528706,-0.453497
0.0240324,0.00333811,-0.0118813
1.39454,0.175901,-0.632802
0,0,0
0.0831891,0,0.0431183
-0.0191687,-0.00335243,0.00736829
0.0210966,0.00455695,-0.0195446
0.0405825,0.00507576,0.0110559
1.09574,-0.103007,1.29092
0.41602,-0.123184,0.820671
0.396821,0.155538,-0.0594761
-0.0700182,-0.140822,0.189131
0,0,0
0,0,0
0.010125,0.00729615,-0.0767403
-0.368794,0.188065,-1.62679
-0.323342,0.0888461,-0.665269
0.335541,-0.0745014,-0.327631
-0.849202,0.399495,-0.160877
0,0,0
0,0,0
0.609986,0,1.6434
0.082791,-0.0198117,1.43097
-0.063279,-0.0036238,0.00606793
0.783706,0.0431026,-0.0853509
-0.454604,0,-1.22479
-1.03373,0.0198532,-1.16034
-0.0292763,0.00110517,0.0110647
0.740183,-0.056729,-0.471532
0.0240944,0.00328858,-0.0117677
1.41366,0.18291,-0.658265
0,0,0
0.0813613,0,0.0417159
-0.0190914,-0.00328526,0.00725648
0.0206932,0.00434217,-0.018282
0.0407953,0.00494165,0.0122055
1.09741,-0.0994969,1.2942
0.407352,-0.122668,0.818016
0.391942,0.155321,-0.0571028
-0.0481441,-0.133851,0.187502
0,0,0
0,0,0
0.0100612,0.00699365,-0.073986
-0.361058,0.18761,-1.6335
-0.329781,0.0888561,-0.66148
0.341138,-0.0767097,-0.327599
-0.830762,0.387422,-0.15112
0,0,0
0,0,0
0.603322,0,1.64311
0.070082,-0.0193586,1.43406
-0.0599047,-0.00329751,0.00574662
0.784553,0.0434571,-0.0736848
-0.452302,0,-1.23182
-1.03746,0.0195015,-1.15443
-0.0265799,0.000968297,0.00999186
0.763121,-0.0555364,-0.479013
0.0240932,0.00332313,-0.011725
1.42863,0.181185,-0.644359
0,0,0
0.0818267,0,0.0418939
-0.0191645,-0.00330915,0.00732368
0.0222358,0.00468352,-0.0197172
0.0423021,0.00522275,0.0115049
1.089,-0.109162,1.29515
0.419221,-0.124088,0.819049
0.373709,0.14503,-0.0530456
-0.0474034,-0.131607,0.182844
0,0,0
0,0,0
0.0114814,0.00741103,-0.0765487
-0.363121,0.192995,-1.62635
-0.328737,0.0919856,-0.66901
0.33651,-0.0734694,-0.327153
-0.82058,0.380471,-0.131679
0,0,0
0,0,0
0.605967,0,1.64263
0.0766476,-0.0193211,1.43402
-0.0618564,-0.00342159,0.00589475
0.763279,0.0412548,-0.0783057
-0.453803,0,-1.23016
-1.03217,0.0193472,-1.15785
-0.0232721,0.000850449,0.008449
0.700796,-0.0512918,-0.440831
0.0241001,0.00329574,-0.0117181
1.3949,0.176205,-0.632079
0,0,0
0.0813567,0,0.0414749
-0.0191627,-0.00329271,0.00730098
0.0207946,0.00434949,-0.0182743
0.0410572,0.004962,0.0122611
1.09179,-0.102338,1.29798
0.418864,-0.119773,0.81476
0.354025,0.138953,-0.0491402
-0.0479382,-0.13867,0.192315
0,0,0
0,0,0
0.010119,0.00698711,-0.0738327
-0.368397,0.188125,-1.63083
-0.331522,0.0892029,-0.662862
0.339302,-0.0759641,-0.326358
-0.831778,0.384969,-0.138404
0,0,0
0,0,0
0.604249,0,1.64247
0.0740711,-0.019177,1.43641
-0.061811,-0.00335916,0.0054605
0.766803,0.0401991,-0.0762185
-0.453283,0,-1.23211
-1.03489,0.019311,-1.15463
-0.0217246,0.00078603,0.00788914
0.680155,-0.0499807,-0.436216
0.0240743,0.00332822,-0.0117534
1.42302,0.18069,-0.643334
0,0,0
0.0781026,0,0.039342
-0.0187009,-0.00321263,0.00741786
0.0229807,0.00461494,-0.0180653
0.0451908,0.00540225,0.0137527
1.07308,-0.113043,1.3051
0.419795,-0.118702,0.799042
0.32546,0.12947,-0.045389
-0.0637575,-0.152293,0.201559
0,0,0
0,0,0
0.0124437,0.00713238,-0.0719475
-0.417986,0.198642,-1.61181
-0.324482,0.0940578,-0.682824
0.296405,-0.06098,-0.306934
-0.793262,0.362358,-0.0719823
0,0,0
0,0,0
0.626728,0,1.63207
0.0878785,-0.0189392,1.43936
-0.0541991,-0.00290815,0.00910282
0.709678,0.0371335,-0.124962
-0.47207,0,-1.22933
-1.04094,0.0185189,-1.13888
-0.0229183,0.000827901,0.00945894
0.665986,-0.047719,-0.44895
0.024029,0.00348389,-0.0117776
1.37219,0.189107,-0.641747
0,0,0
0.0789841,0,0.0406065
-0.0188787,-0.0032872,0.0075127
0.0205833,0.00428588,-0.0176526
0.0412681,0.00501589,0.0128272
1.08875,-0.096681,1.2915
0.416926,-0.115881,0.807912
0.3375,0.133243,-0.0458162
-0.0733669,-0.153827,0.202949
0,0,0
0,0,0
0.00998339,0.00680969,-0.0723368
-0.395264,0.186063,-1.6189
-0.331431,0.0886974,-0.676496
0.301283,-0.0644756,-0.307419
-0.83469,0.38288,-0.103919
0,0,0
0,0,0
0.629384,0,1.63265
0.0899149,-0.0194022,1.43926
-0.0569115,-0.00309947,0.00868264
0.729411,0.0374227,-0.125078
-0.472488,0,-1.22566
-1.03998,0.0188171,-1.13927
-0.0236379,0.00086349,0.00905615
0.68849,-0.0508598,-0.449292
0.0240317,0.00340419,-0.0117713
1.39059,0.196411,-0.679307
0,0,0
0.0746637,0,0.0384422
-0.0189607,-0.00325594,0.0075997
0.0231097,0.00456536,-0.0176976
0.0458608,0.00556447,0.0142699
1.09122,-0.100594,1.29649
0.405982,-0.117278,0.794022
0.349753,0.141032,-0.0465338
-0.0819786,-0.166647,0.215019
0,0,0
0,0,0
0.0125657,0.00681778,-0.0708824
-0.40923,0.193005,-1.61916
-0.330117,0.0905091,-0.6702
0.304502,-0.0647456,-0.315688
-0.821009,0.372127,-0.0714375
0,0,0
0,0,0
0.633771,0,1.62743
0.0893794,-0.0187798,1.45063
-0.05136,-0.00259506,0.00777649
0.7198,0.0339669,-0.123911
-0.47927,0,-1.2307
-1.0398,0.017938,-1.12727
-0.0248323,0.000877228,0.00955332
0.701303,-0.0527093,-0.467975
0.0240058,0.00352679,-0.0118401
1.39782,0.200386,-0.673696
0,0,0
0.0741908,0,0.0388182
-0.019072,-0.00325066,0.00743045
0.0251625,0.00494868,-0.0193101
0.0476651,0.00589431,0.0135501
1.0999,-0.103452,1.28902
0.414293,-0.117158,0.788465
0.340691,0.13816,-0.0516323
-0.0604097,-0.171715,0.232928
0,0,0
0,0,0
0.0146752,0.0072374,-0.0739426
-0.393363,0.198082,-1.61728
-0.322282,0.0938182,-0.680233
0.300244,-0.0621498,-0.302527
-0.829723,0.384598,-0.106645
0,0,0
0,0,0
0.618215,0,1.63281
0.080689,-0.0183503,1.44728
-0.053356,-0.00269465,0.00723947
0.734644,0.0341783,-0.117482
-0.468081,0,-1.23628
-1.026,0.0176637,-1.14042
-0.025725,0.000892943,0.00919667
0.701622,-0.0531274,-0.451853
0.0240689,0.00345844,-0.0116994
1.40762,0.189109,-0.643022
0,0,0
0.0739235,0,0.0389534
-0.0190148,-0.00327879,0.00757884
0.0237745,0.0046125,-0.0168717
0.0473816,0.0057698,0.0157216
1.09869,-0.0933421,1.2968
0.39443,-0.1154,0.783393
0.362679,0.152766,-0.0536379
-0.0688489,-0.183809,0.246556
0,0,0
0,0,0
0.0136219,0.00674555,-0.0688168
-0.390599,0.194915,-1.62691
-0.319818,0.0903093,-0.669885
0.298094,-0.0622256,-0.301252
-0.834618,0.392896,-0.14085
0,0,0
0,0,0
0.631147,0,1.62899
0.0939144,-0.0185938,1.44685
-0.0557365,-0.00284001,0.00701658
0.810586,0.0395249,-0.112719
-0.476759,0,-1.23051
-1.03601,0.0179553,-1.13381
-0.0288081,0.00101793,0.0107894
0.798448,-0.0592648,-0.507159
0.0240554,0.00365727,-0.0116894
1.42083,0.209787,-0.670874
0,0,0
0.0728162,0,0.0391613
-0.017713,-0.00304671,0.006956
0.0210925,0.00416546,-0.0158325
0.0437351,0.00520391,0.0153943
1.09491,-0.087861,1.29523
0.390961,-0.115887,0.796923
0.37331,0.155742,-0.0558714
-0.0820958,-0.19097,0.256229
0,0,0
0,0,0
0.0109765,0.00639383,-0.0676004
-0.406624,0.186676,-1.61906
-0.324095,0.0882544,-0.683064
0.27962,-0.0578624,-0.290961
-0.828743,0.385464,-0.118767
0,0,0
0,0,0
0.619267,0,1.6329
0.078333,-0.0185659,1.44396
-0.0532184,-0.00271946,0.00657416
0.812954,0.0411341,-0.102912
-0.468402,0,-1.2351
-1.03517,0.0180331,-1.14014
-0.0315527,0.00109719,0.011597
0.850529,-0.0590683,-0.504084
0.0240444,0.00359727,-0.0117413
1.45273,0.195159,-0.638508
0,0,0
0.0728747,0,0.0396347
-0.0185941,-0.00320694,0.00726173
0.0241336,0.004719,-0.0175476
0.0474531,0.00587985,0.015092
1.10604,-0.0908568,1.28855
0.396652,-0.115753,0.785783
0.362732,0.152347,-0.0559882
-0.066815,-0.175879,0.236823
0,0,0
0,0,0
0.0138612,0.00683329,-0.0702368
-0.378085,0.194047,-1.63358
-0.316358,0.0902953,-0.672676
0.299703,-0.0632188,-0.293791
-0.865597,0.41076,-0.161485
0,0,0
0,0,0
0.62034,0,1.63383
0.0802892,-0.018852,1.4411
-0.0521847,-0.00272551,0.00606638
0.820752,0.0451702,-0.0812353
-0.467921,0,-1.23239
-1.03333,0.0181878,-1.14837
-0.0340095,0.00119656,0.0124781
0.878107,-0.0598413,-0.504915
0.0240401,0.00362263,-0.0117112
1.4276,0.212511,-0.687225
0,0,0
0.0797031,0,0.0426326
-0.0213771,-0.00375319,0.00828606
0.0232218,0.00469804,-0.018249
0.0447494,0.00576718,0.0137729
1.0943,-0.0853521,1.28633
0.404534,-0.114213,0.80662
0.364047,0.14933,-0.0570913
-0.0808021,-0.189811,0.258307
0,0,0
0,0,0
0.0132186,0.00686643,-0.0728206
-0.359869,0.185597,-1.62776
-0.325685,0.0888036,-0.686352
0.308695,-0.0632455,-0.292653
-0.845721,0.40423,-0.222529
0,0,0
0,0,0
0.605531,0,1.64371
0.0640067,-0.0200432,1.42961
-0.0515415,-0.00292812,0.00529786
0.804576,0.0452083,-0.0858025
-0.452592,0,-1.22856
-1.03238,0.0195402,-1.16382
-0.0252699,0.00093379,0.00935148
0.796921,-0.0562004,-0.483318
0.0241508,0.00353275,-0.0115307
1.41212,0.222851,-0.726304
0,0,0
0.0802421,0,0.0424986
-0.0190954,-0.0032834,0.00707686
0.0210341,0.00433964,-0.0176909
0.0414326,0.0050434,0.0131293
1.0819,-0.0977554,1.30204
0.398702,-0.115916,0.797657
0.354861,0.14234,-0.0454844
-0.0692109,-0.175977,0.238141
0,0,0
0,0,0
0.0109455,0.00689573,-0.0726887
-0.36657,0.18717,-1.62376
-0.322643,0.0899521,-0.685268
0.302736,-0.0635315,-0.294677
-0.827848,0.389965,-0.159147
0,0,0
0,0,0
0.590593,0,1.64777
0.0540319,-0.0195776,1.4343
-0.0520633,-0.00284316,0.00296219
0.79346,0.0379305,-0.0782489
-0.442723,0,-1.2352
-1.02741,0.01939,-1.17012
-0.0265937,0.000960415,0.00950705
0.798015,-0.0546531,-0.464023
0.0241602,0.00339288,-0.011542
1.41002,0.189901,-0.647634
0,0,0
0.0855001,0,0.0391805
-0.018626,-0.00312049,0.00717671
0.0134196,0.00269303,-0.0105845
0.0344283,0.00326468,0.0172037
1.07538,-0.0734283,1.29517
0.386705,-0.114417,0.830539
0.38001,0.155731,-0.0564245
-0.0974888,-0.205071,0.281548
0,0,0
0,0,0
0.00382077,0.0053492,-0.0587903
-0.411532,0.172752,-1.61178
-0.353607,0.0852284,-0.695149
0.304561,-0.063075,-0.320605
-0.882971,0.38864,-0.0919098
0,0,0
0,0,0
0.610339,0,1.6377
0.0706063,-0.0188718,1.43856
-0.0559506,-0.00293769,0.00547809
0.862737,0.044006,-0.092181
-0.460275,0,-1.23503
-1.0303,0.0183565,-1.15298
-0.0303177,0.00106734,0.0111784
0.879163,-0.0599983,-0.515735
0.024125,0.00355517,-0.011608
1.39148,0.232386,-0.75953
0,0,0
0.0782506,0,0.0405269
-0.0192377,-0.00331266,0.00745735
0.0256763,0.00503927,-0.018501
0.0494888,0.0060666,0.0147798
1.09597,-0.103837,1.27824
0.417904,-0.123801,0.810151
0.375617,0.155525,-0.0721088
-0.0793267,-0.200928,0.275923
0,0,0
0,0,0
0.0150792,0.00735185,-0.0716268
-0.392337,0.204591,-1.61726
-0.324488,0.0971871,-0.688476
0.319238,-0.0628936,-0.309351
-0.895728,0.408698,-0.12792
0,0,0
0,0,0
0.615073,0,1.63794
0.081027,-0.0191909,1.43926
-0.0633255,-0.00336717,0.0044602
0.913453,0.0441213,-0.0897125
-0.461901,0,-1.23004
-1.0343,0.0188455,-1.15399
-0.0305509,0.00109643,0.0109043
0.911624,-0.0607641,-0.509065
0.0240317,0.00364085,-0.0117694
1.43491,0.214781,-0.694705
0,0,0
0.0812311,0,0.040376
-0.0189594,-0.00323361,0.00728835
0.0192701,0.00391426,-0.0156436
0.0403988,0.00460302,0.01448
1.08909,-0.0924564,1.29391
0.398261,-0.120551,0.818093
0.377771,0.156331,-0.0677809
-0.0851172,-0.199168,0.275144
0,0,0
0,0,0
0.00920918,0.00651698,-0.0684416
-0.398491,0.187758,-1.62073
-0.332816,0.090315,-0.685517
0.307946,-0.0648801,-0.307346
-0.885954,0.409212,-0.138699
0,0,0
0,0,0
0.609617,0,1.63921
0.075756,-0.019015,1.44087
-0.0610489,-0.00319973,0.00389348
0.916327,0.0440352,-0.081473
-0.458541,0,-1.23299
-1.03019,0.0186415,-1.15716
-0.0334166,0.00118701,0.0118727
0.92843,-0.0616639,-0.51185
0.0241368,0.00345927,-0.0116462
1.44393,0.208295,-0.701033
0,0,0
0.0834993,0,0.0408539
-0.018257,-0.0031306,0.00707719
0.0179672,0.00373806,-0.0151669
0.0387545,0.00430593,0.0141766
1.09416,-0.090868,1.28206
0.411812,-0.120919,0.827354
0.374807,0.154059,-0.0727413
-0.0914059,-0.20164,0.278945
0,0,0
0,0,0
0.00761514,0.00649943,-0.0677753
-0.398057,0.18694,-1.61794
-0.346329,0.0902448,-0.678234
0.314868,-0.0670754,-0.304481
-0.870816,0.403762,-0.168225
0,0,0
0,0,0
0.611827,0,1.63942
0.0750871,-0.0193729,1.43789
-0.0570962,-0.00307466,0.00484596
0.909051,0.044485,-0.103683
-0.459198,0,-1.23046
-1.0323,0.018918,-1.1566
-0.0347113,0.00124703,0.0121778
0.966991,-0.0650703,-0.528668
0.0240524,0.00345281,-0.0117617
1.38576,0.218808,-0.741351
0,0,0
0.0785673,0,0.0363706
-0.0187194,-0.00316356,0.00770356
0.0225436,0.00429844,-0.0155949
0.0470549,0.00517483,0.0165479
1.10088,-0.102769,1.27999
0.406566,-0.125655,0.807263
0.380062,0.158602,-0.0707428
-0.0910077,-0.194958,0.259885
0,0,0
0,0,0
0.0120856,0.00674767,-0.0658132
-0.408056,0.20426,-1.61514
-0.336256,0.0968052,-0.67855
0.320768,-0.065365,-0.312531
-0.89926,0.412425,-0.133378
0,0,0
0,0,0
0.647505,0,1.62082
0.114812,-0.0180421,1.45613
-0.0588295,-0.0028356,0.00689757
0.914322,0.0380611,-0.142522
-0.490849,0,-1.22869
-1.02717,0.0168545,-1.13059
-0.0390709,0.00137165,0.0149709
0.958535,-0.0678587,-0.57246
0.0239499,0.00366669,-0.0119238
1.38659,0.209996,-0.683274
0,0,0
0.0837466,0,0.0405774
-0.0188072,-0.00323472,0.00739341
0.0203574,0.00416132,-0.0163319
0.0422602,0.00482252,0.0142555
1.11025,-0.0979817,1.28672
0.396183,-0.123259,0.798137
0.389433,0.164656,-0.0712811
-0.0946406,-0.198585,0.263457
0,0,0
0,0,0
0.00984146,0.00685842,-0.0690614
-0.400805,0.195729,-1.62007
-0.336085,0.0920575,-0.666288
0.336675,-0.072338,-0.32639
-0.926064,0.422726,-0.137808
0,0,0
0,0,0
0.621982,0,1.63572
0.0951117,-0.0189276,1.43647
-0.0620405,-0.00338643,0.00782699
0.976915,0.0503504,-0.140434
-0.466699,0,-1.22735
-1.02198,0.0182629,-1.16168
-0.0400248,0.00145683,0.0150926
1.00018,-0.0660763,-0.55379
0.0240171,0.00351921,-0.0118501
1.39858,0.214743,-0.72092
0,0,0
0.0829838,0,0.0417208
-0.0188073,-0.00326802,0.00735127
0.0236129,0.00494371,-0.020055
0.044668,0.00548647,0.0118393
1.10997,-0.114181,1.29576
0.391616,-0.124366,0.77281
0.396534,0.166671,-0.0659194
-0.113251,-0.213119,0.270214
0,0,0
0,0,0
0.0127044,0.00774911,-0.0763269
-0.400976,0.203421,-1.61683
-0.331458,0.095493,-0.66595
0.337516,-0.0723761,-0.323305
-0.887256,0.407831,-0.126251
0,0,0
0,0,0
0.619835,0,1.63793
0.0960604,-0.0191354,1.43265
-0.0625486,-0.00351005,0.00793719
0.968071,0.0515766,-0.138712
-0.463713,0,-1.22537
-1.0211,0.0185685,-1.16881
-0.0396355,0.00146766,0.0152875
0.988542,-0.0638833,-0.544444
0.0240449,0.00338827,-0.0117999
1.37609,0.203722,-0.705798
0,0,0
0.0784015,0,0.0377762
-0.0183627,-0.00306697,0.00711208
0.0255742,0.00482528,-0.0171353
0.0506531,0.00570136,0.0163971
1.10866,-0.114978,1.29692
0.383032,-0.123343,0.755563
0.38915,0.163864,-0.0493564
-0.0902444,-0.161556,0.193995
0,0,0
0,0,0
0.0150143,0.00729568,-0.068321
-0.385834,0.21558,-1.62723
-0.323214,0.100948,-0.675489
0.324292,-0.0665664,-0.299167
-0.897026,0.436484,-0.217801
0,0,0
0,0,0
0.615506,0,1.63314
0.0979472,-0.0173397,1.44333
-0.0572345,-0.00288929,0.00774887
0.855288,0.0416488,-0.12484
-0.466692,0,-1.23829
-1.008,0.0167926,-1.16259
-0.0386036,0.00131834,0.0136905
0.939042,-0.061139,-0.50827
0.0240139,0.00367807,-0.0118235
1.40488,0.20507,-0.661188
0,0,0
0.0796445,0,0.0389308
-0.0184921,-0.00311311,0.0071121
0.0257,0.004914,-0.0175391
0.0504879,0.0057854,0.0159505
1.11134,-0.114075,1.29481
0.388153,-0.123266,0.758684
0.384128,0.161935,-0.0510546
-0.109162,-0.17899,0.210869
0,0,0
0,0,0
0.0151056,0.00740928,-0.0692219
-0.382553,0.215202,-1.62696
-0.324698,0.101339,-0.67964
0.328278,-0.0666111,-0.299844
-0.891372,0.427861,-0.204554
0,0,0
0,0,0
0.611663,0,1.63625
0.0933152,-0.0178033,1.44241
-0.0588542,-0.00303167,0.00710488
0.889086,0.0424797,-0.126774
-0.462192,0,-1.2364
-1.00928,0.0172827,-1.16713
-0.0404532,0.00140036,0.0139754
0.935104,-0.0621904,-0.499492
0.0240093,0.00367708,-0.0118136
1.4363,0.216613,-0.696576
0,0,0
0.0825238,0,0.0393155
-0.0186137,-0.00320506,0.00752424
0.0202911,0.00400773,-0.0146585
0.0432841,0.0047533,0.0164254
1.1,-0.0979077,1.30302
0.3833,-0.122243,0.789653
0.378843,0.161006,-0.0554114
-0.102103,-0.179569,0.222643
0,0,0
0,0,0
0.0104192,0.00664774,-0.0651983
-0.389071,0.200334,-1.63345
-0.320837,0.0918904,-0.659164
0.302488,-0.0652322,-0.299511
-0.859331,0.410262,-0.153774
0,0,0
0,0,0
0.638505,0,1.6288
0.103736,-0.019171,1.44447
-0.0558457,-0.00296794,0.00784242
0.875162,0.0427588,-0.145559
-0.47964,0,-1.22354
-1.02494,0.0178982,-1.14782
-0.0368296,0.00134091,0.0136995
0.909647,-0.0642227,-0.528366
0.0240822,0.00366944,-0.0116819
1.43134,0.245866,-0.780759
0,0,0
0.0821243,0,0.0363244
-0.0189272,-0.00312642,0.0074992
0.0174066,0.00326185,-0.0117223
0.0406778,0.00393418,0.0186452
1.08502,-0.0874013,1.29631
0.379651,-0.123411,0.821516
0.386069,0.160822,-0.0604929
-0.114974,-0.200981,0.260607
0,0,0
0,0,0
0.00818291,0.0058533,-0.0594311
-0.387671,0.191765,-1.61934
-0.338798,0.094603,-0.707061
0.296838,-0.0581938,-0.296292
-0.835656,0.367742,-0.066755
0,0,0
0,0,0
0.624943,0,1.62906
0.0938945,-0.0177526,1.44684
-0.0617902,-0.00307532,0.00876788
0.942546,0.0438678,-0.151257
-0.474322,0,-1.23643
-1.02581,0.0171453,-1.14402
-0.037339,0.00127947,0.0140164
0.988684,-0.0643232,-0.557389
0.0241677,0.00364889,-0.0115264
1.44962,0.223203,-0.705071
0,0,0
0.0818709,0,0.0348629
-0.0189315,-0.00308239,0.0075358
0.0180204,0.00328839,-0.0115582
0.0419873,0.0039225,0.0193453
1.07204,-0.0961606,1.30106
0.379256,-0.125825,0.822061
0.389869,0.159184,-0.0543579
-0.133638,-0.21415,0.270412
0,0,0
0,0,0
0.00884906,0.00589145,-0.0586
-0.399985,0.197727,-1.61738
-0.328324,0.0957681,-0.699217
0.281852,-0.0557807,-0.292434
-0.856073,0.400001,-0.124975
0,0,0
0,0,0
0.627244,0,1.62569
0.0958394,-0.0172165,1.4537
-0.0595102,-0.00280752,0.00797516
0.915778,0.0394152,-0.144764
-0.478462,0,-1.24008
-1.02283,0.0164753,-1.13857
-0.041249,0.00137998,0.0153852
0.973459,-0.062987,-0.542732
0.0241702,0.00366128,-0.0115264
1.45065,0.222907,-0.701686
0,0,0
0.0823349,0,0.0344633
-0.0189207,-0.00305752,0.00749708
0.016925,0.00300709,-0.0100448
0.0416101,0.00366954,0.0209949
1.06119,-0.0910846,1.29934
0.385391,-0.121233,0.823769
0.375785,0.152091,-0.0471344
-0.106032,-0.176432,0.22367
0,0,0
0,0,0
0.00800698,0.0055214,-0.0550487
-0.403968,0.195453,-1.61764
-0.332514,0.0952429,-0.705665
0.272946,-0.0528608,-0.283862
-0.817793,0.372912,-0.0910383
0,0,0
0,0,0
0.624473,0,1.6258
0.0979706,-0.0168011,1.4535
-0.0593662,-0.00276644,0.00784395
0.848401,0.0370199,-0.126718
-0.477263,0,-1.24254
-1.02339,0.0163479,-1.13822
-0.0350441,0.00115351,0.0127048
0.928293,-0.0599773,-0.520593
0.0241576,0.00376333,-0.0115201
1.43153,0.232895,-0.713648
0,0,0
0.0828177,0,0.0351719
-0.0188994,-0.00305831,0.00738984
0.0173986,0.00314267,-0.0108197
0.0417814,0.00379725,0.0200446
1.0644,-0.094587,1.29829
0.385575,-0.123275,0.823563
0.384096,0.154719,-0.0488206
-0.109651,-0.180459,0.228718
0,0,0
0,0,0
0.00824096,0.00569866,-0.0568043
-0.413785,0.196525,-1.61464
-0.340302,0.0962758,-0.705707
0.281191,-0.0546728,-0.290747
-0.868909,0.399315,-0.119188
0,0,0
0,0,0
0.617092,0,1.62924
0.0874809,-0.0170565,1.45076
-0.0579261,-0.00274857,0.00760897
0.883345,0.0397462,-0.128749
-0.471032,0,-1.24361
-1.02283,0.0166343,-1.14166
-0.0338373,0.001126,0.0128836
0.931744,-0.0612123,-0.546957
0.0241239,0.00371466,-0.011585
1.43753,0.228561,-0.712911
0,0,0
0.0831866,0,0.0365458
-0.0190288,-0.00311166,0.00736178
0.0176798,0.00330661,-0.0119986
0.0410135,0.00394696,0.0183925
1.07261,-0.0934859,1.29387
0.392692,-0.122953,0.82656
0.373737,0.14957,-0.0499374
-0.0996726,-0.17661,0.228696
0,0,0
0,0,0
0.00832265,0.00592415,-0.0598683
-0.403574,0.193921,-1.61455
-0.337797,0.0955188,-0.707537
0.282924,-0.0554633,-0.28862
-0.864272,0.396567,-0.118558
0,0,0
0,0,0
0.611733,0,1.63315
0.0849651,-0.0173925,1.44648
-0.0613813,-0.0030076,0.00707667
0.90123,0.0409414,-0.122367
-0.46516,0,-1.24184
-1.02433,0.017188,-1.14919
-0.0369791,0.00125035,0.0141571
0.970659,-0.061817,-0.550391
0.0241223,0.00362021,-0.0115852
1.43255,0.217186,-0.694922
0,0,0
0.0861622,0,0.0373474
-0.0187433,-0.00312415,0.0074688
0.0157253,0.00308679,-0.0118157
0.0377789,0.00359308,0.0171681
1.07573,-0.0922773,1.29863
0.389275,-0.122399,0.824681
0.373804,0.151264,-0.0527446
-0.0901823,-0.173866,0.229593
0,0,0
0,0,0
0.00602386,0.00587554,-0.0604529
-0.424722,0.188677,-1.61179
-0.337571,0.0915793,-0.694903
0.275107,-0.0564802,-0.290997
-0.864718,0.400124,-0.110279
0,0,0
0,0,0
0.628178,0,1.62986
0.104569,-0.0179518,1.44454
-0.0647335,-0.00330251,0.00816179
0.926628,0.043145,-0.14023
-0.474789,0,-1.23188
-1.0216,0.0173344,-1.15137
-0.0409885,0.00143597,0.0152843
0.989713,-0.0613581,-0.526644
0.0241115,0.00356124,-0.0116976
1.42595,0.217462,-0.713663
0,0,0
0.0831849,0,0.038331
-0.0189453,-0.00322116,0.00763603
0.0196916,0.00401495,-0.0162725
0.0407301,0.004496,0.0139447
1.0918,-0.104249,1.29318
0.399954,-0.125248,0.812813
0.373288,0.149582,-0.055985
-0.0825586,-0.170021,0.225324
0,0,0
0,0,0
0.00940872,0.00687008,-0.0696664
-0.404897,0.195558,-1.61137
-0.333506,0.095635,-0.697608
0.293711,-0.0599884,-0.297265
-0.859162,0.389055,-0.0769852
0,0,0
0,0,0
0.635903,0,1.62841
0.106534,-0.0185549,1.44352
-0.06282,-0.0032894,0.00894388
0.935533,0.0446485,-0.158174
-0.479092,0,-1.22685
-1.02909,0.0177823,-1.14567
-0.0404,0.00144728,0.0154338
0.992093,-0.0638014,-0.546688
0.0241327,0.00338887,-0.0117049
1.45669,0.189345,-0.658523
0,0,0
0.0833121,0,0.0381474
-0.0188902,-0.00320361,0.00760713
0.0196013,0.00399678,-0.0162606
0.0405866,0.00445191,0.013901
1.09089,-0.105392,1.29363
0.398967,-0.125768,0.812722
0.374158,0.149633,-0.0557942
-0.0816818,-0.168478,0.223393
0,0,0
0,0,0
0.00930368,0.00687844,-0.0696885
-0.405349,0.195918,-1.61103
-0.334126,0.0958991,-0.697366
0.293411,-0.0600758,-0.297393
-0.857769,0.389764,-0.0801628
0,0,0
0,0,0
0.635536,0,1.62827
0.104878,-0.0185362,1.44379
-0.0631189,-0.00329198,0.00897309
0.93346,0.0447919,-0.155067
-0.479095,0,-1.22746
-1.02999,0.0177639,-1.14462
-0.0409491,0.00146299,0.0157303
0.99851,-0.0635036,-0.548025
0.0241332,0.00337511,-0.0117099
1.44889,0.190899,-0.666014
0,0,0
0.0827359,0,0.0382077
-0.0189714,-0.00322399,0.00765074
0.0195311,0.00395886,-0.0159161
0.0408372,0.00449335,0.0142752
1.09218,-0.101708,1.29115
0.398143,-0.124869,0.813704
0.377474,0.152394,-0.05914
-0.0907644,-0.177029,0.23353
0,0,0
0,0,0
0.00925921,0.00675126,-0.0688008
-0.409779,0.194595,-1.6126
-0.332163,0.0943092,-0.692168
0.285038,-0.0589263,-0.290595
-0.860363,0.394554,-0.0884237
0,0,0
0,0,0
0.636588,0,1.62791
0.103698,-0.0186558,1.44507
-0.0600139,-0.00311826,0.00832991
0.924489,0.0433687,-0.155646
-0.479838,0,-1.22707
-1.02531,0.0175684,-1.14749
-0.0397276,0.00142135,0.0152064
0.98342,-0.062636,-0.540284
0.024115,0.003419,-0.0117324
1.45329,0.195109,-0.672478
0,0,0
0.0800634,0,0.0382643
-0.0190016,-0.00318625,0.0073739
0.0209006,0.00403362,-0.0150353
0.0438002,0.00479947,0.0163215
1.08805,-0.0974548,1.29181
0.392508,-0.123477,0.811246
0.396376,0.163264,-0.0636422
-0.120445,-0.194839,0.247597
0,0,0
0,0,0
0.0111456,0.00657861,-0.0659816
-0.397277,0.197957,-1.61916
-0.32334,0.0954282,-0.697913
0.277759,-0.0554512,-0.280934
-0.873958,0.408394,-0.124975
0,0,0
0,0,0
0.615274,0,1.6341
0.0874478,-0.0179547,1.4423
-0.0595911,-0.00304193,0.00719939
0.906732,0.0441894,-0.121759
-0.465679,0,-1.2368
-1.01859,0.0173771,-1.15756
-0.0403618,0.00139228,0.0146271
1.00085,-0.062974,-0.531723
0.024128,0.0035707,-0.0115925
1.44641,0.211078,-0.68563
0,0,0
0.0794216,0,0.0354074
-0.0188881,-0.00309758,0.00748244
0.0208102,0.00383519,-0.0136546
0.0452792,0.00460714,0.018166
1.08467,-0.102911,1.29779
0.384224,-0.123846,0.796861
0.397387,0.162701,-0.0519183
-0.12091,-0.191246,0.234849
0,0,0
0,0,0
0.0110586,0.00633492,-0.0622972
-0.414539,0.203561,-1.61854
-0.327201,0.0973831,-0.69257
0.281274,-0.0565784,-0.287149
-0.878102,0.407865,-0.103782
0,0,0
0,0,0
0.625712,0,1.62625
0.0994602,-0.017097,1.45895
-0.0572065,-0.00262659,0.00553829
0.8928,0.0326364,-0.135636
-0.477324,0,-1.24058
-1.01354,0.0161553,-1.14693
-0.0387727,0.00128378,0.0133563
0.966922,-0.0594286,-0.497739
0.0240933,0.00365578,-0.0117201
1.41748,0.214037,-0.686302
0,0,0
0.0789955,0,0.0372923
-0.0190024,-0.00315143,0.00734743
0.0238958,0.00448815,-0.0161604
0.0481868,0.00531062,0.0166979
1.09033,-0.108645,1.29
0.396013,-0.127094,0.80247
0.396203,0.162906,-0.0633779
-0.113241,-0.186515,0.234448
0,0,0
0,0,0
0.0138423,0.00698101,-0.0670979
-0.403966,0.209921,-1.61879
-0.31751,0.0995572,-0.690564
0.285859,-0.0571568,-0.279043
-0.881847,0.426224,-0.173366
0,0,0
0,0,0
0.61336,0,1.63318
0.0933386,-0.0174329,1.45629
-0.0616667,-0.00290687,0.00349566
0.910492,0.0293736,-0.129044
-0.465796,0,-1.24026
-1.01026,0.016795,-1.15746
-0.0385981,0.00131079,0.0138283
0.953592,-0.0638632,-0.531628
0.0240975,0.00361876,-0.0116584
1.41985,0.215512,-0.693926
0,0,0
0.0777145,0,0.0380539
-0.0188197,-0.00319651,0.00749972
0.0259462,0.00500895,-0.0183948
0.0499309,0.00586808,0.0150595
1.09788,-0.114162,1.29083
0.396686,-0.127844,0.791393
0.381365,0.157623,-0.0610418
-0.0986694,-0.172741,0.216361
0,0,0
0,0,0
0.0154341,0.00749057,-0.0713001
-0.41211,0.213216,-1.62044
-0.312112,0.0989723,-0.677717
0.287748,-0.0592375,-0.274929
-0.880018,0.417293,-0.127895
0,0,0
0,0,0
0.631431,0,1.6284
0.103309,-0.0182091,1.45386
-0.0565816,-0.00276384,0.00434157
0.854052,0.0316721,-0.125283
-0.477445,0,-1.23129
-1.02165,0.0172453,-1.14706
-0.0417108,0.00145959,0.0152238
0.942972,-0.0651838,-0.532645
0.024044,0.00359609,-0.0117469
1.39361,0.217741,-0.709185
0,0,0
0.076714,0,0.0380878
-0.0187535,-0.00321602,0.00760614
0.0261282,0.00506626,-0.0185148
0.0502545,0.00600149,0.0149977
1.09825,-0.112297,1.28944
0.397447,-0.126349,0.788871
0.381174,0.156818,-0.0574113
-0.0936198,-0.164563,0.205231
0,0,0
0,0,0
0.015509,0.00747395,-0.071387
-0.414475,0.211835,-1.62085
-0.314237,0.098023,-0.675322
0.289648,-0.0595415,-0.281437
-0.876484,0.412043,-0.115103
0,0,0
0,0,0
0.641455,0,1.62488
0.106957,-0.0185329,1.45347
-0.0532103,-0.00262848,0.00524875
0.8203,0.0314626,-0.136304
-0.48462,0,-1.2276
-1.02314,0.0171629,-1.14183
-0.0348657,0.00123379,0.01292
0.852608,-0.0612858,-0.509958
0.0240107,0.00362575,-0.0117834
1.40916,0.220358,-0.714618
0,0,0
0.0789723,0,0.0395078
-0.0180057,-0.00314108,0.0073828
0.02347,0.00481737,-0.0189554
0.0450165,0.00541453,0.0130153
1.09574,-0.114101,1.30089
0.394976,-0.12464,0.784686
0.372,0.152371,-0.0527857
-0.0912809,-0.16351,0.203656
0,0,0
0,0,0
0.0129857,0.00758847,-0.0740276
-0.416281,0.205964,-1.61869
-0.310715,0.0952626,-0.672322
0.265821,-0.0562725,-0.26487
-0.839853,0.415961,-0.171396
0,0,0
0,0,0
0.645349,0,1.62622
0.111962,-0.0191794,1.44798
-0.0542958,-0.0028542,0.00745437
0.811925,0.0344517,-0.161784
-0.484667,0,-1.22131
-1.02558,0.0177756,-1.14519
-0.0358636,0.00131912,0.01404
0.828612,-0.0612261,-0.51449
0.0240952,0.00345353,-0.0116838
1.43436,0.210401,-0.710432
